Repository,File,Method,Count,Imports,Parameters,Annotations,Value,Href,Version,MethodParameter,FullClassPath,ModifiedValue
accumulo,AccumuloMonitorAppender.java,setHeader,1,[java.nio.charset.StandardCharsets.UTF_8;org.apache.accumulo.core.util.LazySingletons.GSON;java.io.PrintWriter;java.io.StringWriter;java.net.URI;java.net.http.HttpClient;java.net.http.HttpRequest;java.net.http.HttpRequest.BodyPublishers;java.net.http.HttpResponse.BodyHandlers;java.util.Optional;java.util.function.Supplier;org.apache.accumulo.core.Constants;org.apache.accumulo.core.conf.SiteConfiguration;org.apache.accumulo.core.fate.zookeeper.ZooCache.ZcStat;org.apache.accumulo.core.util.Pair;org.apache.accumulo.monitor.rest.logs.LogResource;org.apache.accumulo.monitor.rest.logs.SingleLogEvent;org.apache.accumulo.server.ServerContext;org.apache.logging.log4j.core.Appender;org.apache.logging.log4j.core.Core;org.apache.logging.log4j.core.Filter;org.apache.logging.log4j.core.LogEvent;org.apache.logging.log4j.core.appender.AbstractAppender;org.apache.logging.log4j.core.config.Property;org.apache.logging.log4j.core.config.plugins.Plugin;org.apache.logging.log4j.core.config.plugins.PluginBuilderFactory;edu.umd.cs.findbugs.annotations.SuppressFBWarnings],[java.lang.String;java.lang.String],[],"setHeader(String, String)","https://docs.oracle.com/en/java/javase/11/docs/api//java.net.http/java/net/http/HttpRequest.Builder.html#setHeader(java.lang.String,java.lang.String)",11,"['String', 'String']",.java.net.http.java.net.http.HttpRequest.Builder,setHeader
activemq,HttpClientTransport.java,setHeader,1,[java.io.DataInputStream;java.io.IOException;java.io.InterruptedIOException;java.net;java.security.cert.X509Certificate;java.util.Arrays;java.util.Collections;java.util.List;java.util.zip.GZIPInputStream;java.util.zip.GZIPOutputStream;org.apache.activemq.command.ShutdownInfo;org.apache.activemq.transport.FutureResponse;org.apache.activemq.transport.util.TextWireFormat;org.apache.activemq.util.ByteArrayOutputStream;org.apache.activemq.util.IOExceptionSupport;org.apache.activemq.util.IdGenerator;org.apache.activemq.util.ServiceStopper;org.apache.activemq.wireformat.WireFormat;org.apache.http.Header;org.apache.http.HttpHost;org.apache.http.HttpRequest;org.apache.http.HttpRequestInterceptor;org.apache.http.HttpResponse;org.apache.http.HttpStatus;org.apache.http.auth.AuthScope;org.apache.http.auth.UsernamePasswordCredentials;org.apache.http.client.CredentialsProvider;org.apache.http.client.HttpClient;org.apache.http.client.HttpResponseException;org.apache.http.client.ResponseHandler;org.apache.http.client.config.CookieSpecs;org.apache.http.client.config.RequestConfig;org.apache.http.client.methods.HttpGet;org.apache.http.client.methods.HttpHead;org.apache.http.client.methods.HttpOptions;org.apache.http.client.methods.HttpPost;org.apache.http.conn.HttpClientConnectionManager;org.apache.http.entity.ByteArrayEntity;org.apache.http.impl.client.BasicCredentialsProvider;org.apache.http.impl.client.BasicResponseHandler;org.apache.http.impl.client.HttpClientBuilder;org.apache.http.impl.conn.PoolingHttpClientConnectionManager;org.apache.http.impl.conn.SystemDefaultRoutePlanner;org.apache.http.message.AbstractHttpMessage;org.apache.http.protocol.HttpContext;org.apache.http.util.EntityUtils;org.slf4j.Logger;org.slf4j.LoggerFactory],[java.lang.String;java.lang.String],[],"setHeader(String, String)","https://docs.oracle.com/en/java/javase/11/docs/api//java.net.http/java/net/http/HttpRequest.Builder.html#setHeader(java.lang.String,java.lang.String)",11,"['String', 'String']",.java.net.http.java.net.http.HttpRequest.Builder,setHeader
acme4j,DefaultConnection.java,header,6,[java.time.format.DateTimeFormatter.RFC_1123_DATE_TIME;java.util.function.Predicate.not;java.util.stream.Collectors.toUnmodifiableList;java.io.IOException;java.io.InputStream;java.net.MalformedURLException;java.net.URI;java.net.URL;java.net.http.HttpClient;java.net.http.HttpRequest;java.net.http.HttpResponse;java.security.KeyPair;java.security.cert.CertificateException;java.security.cert.CertificateFactory;java.security.cert.X509Certificate;java.time.Instant;java.time.ZoneId;java.time.ZonedDateTime;java.time.format.DateTimeParseException;java.util.Collection;java.util.List;java.util.Objects;java.util.Optional;java.util.Set;java.util.function.Consumer;java.util.regex.Matcher;java.util.regex.Pattern;java.util.zip.GZIPInputStream;edu.umd.cs.findbugs.annotations.Nullable;org.shredzone.acme4j.Login;org.shredzone.acme4j.Problem;org.shredzone.acme4j.Session;org.shredzone.acme4j.exception.AcmeException;org.shredzone.acme4j.exception.AcmeNetworkException;org.shredzone.acme4j.exception.AcmeProtocolException;org.shredzone.acme4j.exception.AcmeRateLimitedException;org.shredzone.acme4j.exception.AcmeRetryAfterException;org.shredzone.acme4j.exception.AcmeServerException;org.shredzone.acme4j.exception.AcmeUnauthorizedException;org.shredzone.acme4j.exception.AcmeUserActionRequiredException;org.shredzone.acme4j.toolbox.AcmeUtils;org.shredzone.acme4j.toolbox.JSON;org.shredzone.acme4j.toolbox.JSONBuilder;org.shredzone.acme4j.toolbox.JoseUtils;org.slf4j.Logger;org.slf4j.LoggerFactory],[java.lang.String;java.lang.String],[],"header(String, String)","https://docs.oracle.com/en/java/javase/11/docs/api//java.net.http/java/net/http/HttpRequest.Builder.html#header(java.lang.String,java.lang.String)",11,"['String', 'String']",.java.net.http.java.net.http.HttpRequest.Builder,header
acme4j,DefaultConnection.java,header,1,[java.time.format.DateTimeFormatter.RFC_1123_DATE_TIME;java.util.function.Predicate.not;java.util.stream.Collectors.toUnmodifiableList;java.io.IOException;java.io.InputStream;java.net.MalformedURLException;java.net.URI;java.net.URL;java.net.http.HttpClient;java.net.http.HttpRequest;java.net.http.HttpResponse;java.security.KeyPair;java.security.cert.CertificateException;java.security.cert.CertificateFactory;java.security.cert.X509Certificate;java.time.Instant;java.time.ZoneId;java.time.ZonedDateTime;java.time.format.DateTimeParseException;java.util.Collection;java.util.List;java.util.Objects;java.util.Optional;java.util.Set;java.util.function.Consumer;java.util.regex.Matcher;java.util.regex.Pattern;java.util.zip.GZIPInputStream;edu.umd.cs.findbugs.annotations.Nullable;org.shredzone.acme4j.Login;org.shredzone.acme4j.Problem;org.shredzone.acme4j.Session;org.shredzone.acme4j.exception.AcmeException;org.shredzone.acme4j.exception.AcmeNetworkException;org.shredzone.acme4j.exception.AcmeProtocolException;org.shredzone.acme4j.exception.AcmeRateLimitedException;org.shredzone.acme4j.exception.AcmeRetryAfterException;org.shredzone.acme4j.exception.AcmeServerException;org.shredzone.acme4j.exception.AcmeUnauthorizedException;org.shredzone.acme4j.exception.AcmeUserActionRequiredException;org.shredzone.acme4j.toolbox.AcmeUtils;org.shredzone.acme4j.toolbox.JSON;org.shredzone.acme4j.toolbox.JSONBuilder;org.shredzone.acme4j.toolbox.JoseUtils;org.slf4j.Logger;org.slf4j.LoggerFactory],[java.lang.String;unknown],[],"header(String, String)","https://docs.oracle.com/en/java/javase/11/docs/api//java.net.http/java/net/http/HttpRequest.Builder.html#header(java.lang.String,java.lang.String)",11,"['String', 'String']",.java.net.http.java.net.http.HttpRequest.Builder,header
acme4j,HttpConnector.java,header,1,[java.net.URISyntaxException;java.net.URL;java.net.http.HttpClient;java.net.http.HttpRequest;java.util.Properties;org.slf4j.LoggerFactory],[java.lang.String;java.lang.String],[],"header(String, String)","https://docs.oracle.com/en/java/javase/11/docs/api//java.net.http/java/net/http/HttpRequest.Builder.html#header(java.lang.String,java.lang.String)",11,"['String', 'String']",.java.net.http.java.net.http.HttpRequest.Builder,header
activemq-artemis,KubernetesClientImpl.java,header,2,[java.net.HttpURLConnection.HTTP_CREATED;java.io.File;java.io.FileInputStream;java.io.IOException;java.io.InputStream;java.net.URI;java.net.http.HttpClient;java.net.http.HttpRequest;java.net.http.HttpResponse;java.net.http.HttpResponse.BodyHandlers;java.nio.file.Path;java.security.KeyStore;java.security.SecureRandom;java.security.cert.CertificateFactory;java.security.cert.X509Certificate;java.util.Scanner;javax.net.ssl.SSLContext;javax.net.ssl.TrustManagerFactory;org.apache.activemq.artemis.spi.core.security.jaas.kubernetes.model.TokenReview;org.apache.activemq.artemis.utils.JsonLoader;org.slf4j.Logger;org.slf4j.LoggerFactory],[java.lang.String;java.lang.String],[],"header(String, String)","https://docs.oracle.com/en/java/javase/11/docs/api//java.net.http/java/net/http/HttpRequest.Builder.html#header(java.lang.String,java.lang.String)",11,"['String', 'String']",.java.net.http.java.net.http.HttpRequest.Builder,header
apicurio-registry,KeycloakUtils.java,header,1,[com.fasterxml.jackson.core.JsonProcessingException;com.fasterxml.jackson.databind.ObjectMapper;io.apicur.registry.v1.ApicurioRegistry;io.apicurio.registry.systemtests.executor.Exec;io.apicurio.registry.systemtests.platform.Kubernetes;io.apicurio.registry.systemtests.registryinfra.ResourceManager;io.apicurio.registry.systemtests.registryinfra.resources.RouteResourceType;io.apicurio.registry.systemtests.registryinfra.resources.ServiceResourceType;org.apache.hc.core5.http.HttpStatus;org.slf4j.Logger;java.net.URI;java.net.URISyntaxException;java.net.URL;java.net.URLEncoder;java.net.http.HttpRequest;java.net.http.HttpResponse;java.nio.charset.StandardCharsets;java.nio.file.Paths;java.time.Duration;java.util.HashMap;java.util.Map],[java.lang.String;java.lang.String],[],"header(String, String)","https://docs.oracle.com/en/java/javase/11/docs/api//java.net.http/java/net/http/HttpRequest.Builder.html#header(java.lang.String,java.lang.String)",11,"['String', 'String']",.java.net.http.java.net.http.HttpRequest.Builder,header
apicurio-registry,HttpEventSink.java,header,1,[io.apicurio.registry.events.EventSink;io.vertx.core.buffer.Buffer;io.vertx.core.eventbus.Message;org.slf4j.Logger;javax.enterprise.context.ApplicationScoped;javax.inject.Inject;javax.ws.rs.core.MediaType;java.net.URI;java.net.http.HttpClient;java.net.http.HttpRequest;java.net.http.HttpResponse;java.util.UUID],[java.lang.String;unknown],[],"header(String, String)","https://docs.oracle.com/en/java/javase/11/docs/api//java.net.http/java/net/http/HttpRequest.Builder.html#header(java.lang.String,java.lang.String)",11,"['String', 'String']",.java.net.http.java.net.http.HttpRequest.Builder,header
apicurio-registry,HttpEventSink.java,header,4,[io.apicurio.registry.events.EventSink;io.vertx.core.buffer.Buffer;io.vertx.core.eventbus.Message;org.slf4j.Logger;javax.enterprise.context.ApplicationScoped;javax.inject.Inject;javax.ws.rs.core.MediaType;java.net.URI;java.net.http.HttpClient;java.net.http.HttpRequest;java.net.http.HttpResponse;java.util.UUID],[java.lang.String;java.lang.String],[],"header(String, String)","https://docs.oracle.com/en/java/javase/11/docs/api//java.net.http/java/net/http/HttpRequest.Builder.html#header(java.lang.String,java.lang.String)",11,"['String', 'String']",.java.net.http.java.net.http.HttpRequest.Builder,header
apicurio-registry,ApicurioRegistryApiClient.java,header,8,[com.fasterxml.jackson.core.JsonProcessingException;com.fasterxml.jackson.databind.ObjectMapper;io.apicurio.registry.systemtests.framework.HttpClientUtils;io.apicurio.registry.systemtests.framework.LoggerUtils;io.apicurio.registry.systemtests.time.TimeoutBudget;org.apache.hc.core5.http.HttpStatus;org.slf4j.Logger;java.net.URI;java.net.http.HttpRequest;java.net.http.HttpResponse;java.time.Duration],[java.lang.String;java.lang.String],[],"header(String, String)","https://docs.oracle.com/en/java/javase/11/docs/api//java.net.http/java/net/http/HttpRequest.Builder.html#header(java.lang.String,java.lang.String)",11,"['String', 'String']",.java.net.http.java.net.http.HttpRequest.Builder,header
apicurio-registry,ApicurioRegistryApiClient.java,header,1,[com.fasterxml.jackson.core.JsonProcessingException;com.fasterxml.jackson.databind.ObjectMapper;io.apicurio.registry.systemtests.framework.HttpClientUtils;io.apicurio.registry.systemtests.framework.LoggerUtils;io.apicurio.registry.systemtests.time.TimeoutBudget;org.apache.hc.core5.http.HttpStatus;org.slf4j.Logger;java.net.URI;java.net.http.HttpRequest;java.net.http.HttpResponse;java.time.Duration],[java.lang.String;unknown],[],"header(String, String)","https://docs.oracle.com/en/java/javase/11/docs/api//java.net.http/java/net/http/HttpRequest.Builder.html#header(java.lang.String,java.lang.String)",11,"['String', 'String']",.java.net.http.java.net.http.HttpRequest.Builder,header
apm-agent-java,JavalinInstrumentationTest.java,header,1,[co.elastic.apm.agent.AbstractInstrumentationTest;co.elastic.apm.agent.impl.transaction.Span;io.javalin.Javalin;io.javalin.http.Context;io.javalin.http.HandlerType;io.javalin.plugin.rendering.FileRenderer;io.javalin.plugin.rendering.JavalinRenderer;org.jetbrains.annotations.NotNull;org.junit.jupiter.api.AfterAll;org.junit.jupiter.api.BeforeAll;org.junit.jupiter.api.Test;java.net.URI;java.net.http.HttpClient;java.net.http.HttpRequest;java.net.http.HttpRequest.BodyPublishers;java.net.http.HttpResponse;java.util.List;java.util.Map;java.util.concurrent.CompletableFuture;java.util.stream.Collectors;org.assertj.core.api.Assertions.assertThat],[java.lang.String;java.lang.String],[],"header(String, String)","https://docs.oracle.com/en/java/javase/11/docs/api//java.net.http/java/net/http/HttpRequest.Builder.html#header(java.lang.String,java.lang.String)",11,"['String', 'String']",.java.net.http.java.net.http.HttpRequest.Builder,header
azure-sdk-for-java,Utils.java,header,1,[com.azure.tools.bomgenerator.models.BomDependency;com.azure.tools.bomgenerator.models.BomDependencyNoVersion;com.fasterxml.jackson.databind.DeserializationFeature;com.fasterxml.jackson.databind.ObjectMapper;com.fasterxml.jackson.databind.SerializationFeature;com.fasterxml.jackson.dataformat.xml.XmlMapper;com.fasterxml.jackson.dataformat.xml.ser.ToXmlGenerator;org.apache.maven.model.Dependency;org.apache.maven.model.Model;org.jboss.shrinkwrap.resolver.api.maven.Maven;org.jboss.shrinkwrap.resolver.api.maven.MavenFormatStage;org.jboss.shrinkwrap.resolver.api.maven.MavenResolvedArtifact;org.jboss.shrinkwrap.resolver.api.maven.MavenResolverSystemBase;org.jboss.shrinkwrap.resolver.api.maven.MavenStrategyStage;org.jboss.shrinkwrap.resolver.api.maven.PomEquippedResolveStage;org.jboss.shrinkwrap.resolver.api.maven.PomlessResolveStage;org.jboss.shrinkwrap.resolver.api.maven.ScopeType;org.jboss.shrinkwrap.resolver.api.maven.coordinate.MavenDependency;org.slf4j.Logger;org.slf4j.LoggerFactory;java.io.FileReader;java.io.FileWriter;java.io.IOException;java.io.InputStreamReader;java.net.URI;java.net.http.HttpClient;java.net.http.HttpRequest;java.net.http.HttpResponse;java.time.Duration;java.util.ArrayList;java.util.Arrays;java.util.HashSet;java.util.List;java.util.Properties;java.util.regex.Pattern;java.util.stream.Collectors],[java.lang.String;java.lang.String],[],"header(String, String)","https://docs.oracle.com/en/java/javase/11/docs/api//java.net.http/java/net/http/HttpRequest.Builder.html#header(java.lang.String,java.lang.String)",11,"['String', 'String']",.java.net.http.java.net.http.HttpRequest.Builder,header
basex,HTTPTest.java,setHeader,1,[org.basex.util.http.Method;org.junit.jupiter.api.Assertions;java.io;java.net;java.net.http;java.net.http.HttpRequest;java.nio.charset;org.basex;org.basex.core;org.basex.io;org.basex.io.in;org.basex.util.http;org.basex.util.list;org.junit.jupiter.api],[java.lang.String;unknown],[],"setHeader(String, String)","https://docs.oracle.com/en/java/javase/11/docs/api//java.net.http/java/net/http/HttpRequest.Builder.html#setHeader(java.lang.String,java.lang.String)",11,"['String', 'String']",.java.net.http.java.net.http.HttpRequest.Builder,setHeader
basex,FnHttpTest.java,header,14,[org.basex.core.Text;org.basex.query.func.Function;org.basex.util.Token;org.junit.jupiter.api.Assertions;java.io;java.net;java.net.http;java.net.http.HttpClient.Version;java.nio.charset;java.util;java.util.List;java.util.Map;javax.net.ssl;org.basex.core;org.basex.core.cmd;org.basex.io;org.basex.io.in;org.basex.io.serial;org.basex.query;org.basex.query.QueryError;org.basex.query.util;org.basex.query.util.list;org.basex.query.value;org.basex.query.value.item;org.basex.query.value.node;org.basex.query.value.seq;org.basex.query.value.type;org.basex.util;org.basex.util.http;org.basex.util.list;org.junit.jupiter.api;org.junit.jupiter.api.Test],[java.lang.String;java.lang.String],[],"header(String, String)","https://docs.oracle.com/en/java/javase/11/docs/api//java.net.http/java/net/http/HttpRequest.Builder.html#header(java.lang.String,java.lang.String)",11,"['String', 'String']",.java.net.http.java.net.http.HttpRequest.Builder,header
basex,FnHttpTest.java,header,14,[org.basex.core.Text;org.basex.query.func.Function;org.basex.util.Token;org.junit.jupiter.api.Assertions;java.io;java.net;java.net.http;java.net.http.HttpClient.Version;java.nio.charset;java.util;java.util.List;java.util.Map;javax.net.ssl;org.basex.core;org.basex.core.cmd;org.basex.io;org.basex.io.in;org.basex.io.serial;org.basex.query;org.basex.query.QueryError;org.basex.query.util;org.basex.query.util.list;org.basex.query.value;org.basex.query.value.item;org.basex.query.value.node;org.basex.query.value.seq;org.basex.query.value.type;org.basex.util;org.basex.util.http;org.basex.util.list;org.junit.jupiter.api;org.junit.jupiter.api.Test],[java.lang.String;java.lang.String],[],"header(String, String)","https://docs.oracle.com/en/java/javase/11/docs/api//java.net.http/java/net/http/WebSocket.Builder.html#header(java.lang.String,java.lang.String)",11,"['String', 'String']",.java.net.http.java.net.http.WebSocket.Builder,header
bisq,SeedNodeReportingService.java,header,1,[bisq.core.dao.DaoFacade;bisq.core.dao.monitoring.BlindVoteStateMonitoringService;bisq.core.dao.monitoring.DaoStateMonitoringService;bisq.core.dao.monitoring.ProposalStateMonitoringService;bisq.core.dao.monitoring.model.BlindVoteStateBlock;bisq.core.dao.monitoring.model.DaoStateBlock;bisq.core.dao.monitoring.model.ProposalStateBlock;bisq.core.dao.monitoring.network.StateNetworkService;bisq.core.dao.monitoring.network.messages.GetBlindVoteStateHashesRequest;bisq.core.dao.monitoring.network.messages.GetDaoStateHashesRequest;bisq.core.dao.monitoring.network.messages.GetProposalStateHashesRequest;bisq.core.dao.node.full.network.FullNodeNetworkService;bisq.core.dao.node.messages.GetBlocksRequest;bisq.core.dao.state.DaoStateListener;bisq.core.dao.state.DaoStateService;bisq.network.p2p.P2PService;bisq.network.p2p.network.NetworkNode;bisq.network.p2p.network.Statistic;bisq.network.p2p.peers.PeerManager;bisq.network.p2p.peers.getdata.RequestDataManager;bisq.network.p2p.peers.getdata.messages.GetUpdatedDataRequest;bisq.network.p2p.peers.getdata.messages.PreliminaryGetDataRequest;bisq.network.p2p.storage.P2PDataStorage;bisq.network.p2p.storage.payload.ProtectedStorageEntry;bisq.common.Timer;bisq.common.UserThread;bisq.common.app.Version;bisq.common.config.Config;bisq.common.util.Profiler;bisq.common.util.Utilities;javax.inject.Inject;javax.inject.Named;javax.inject.Singleton;java.net.URI;java.net.http.HttpClient;java.net.http.HttpRequest;java.net.http.HttpResponse;java.util.HashMap;java.util.LinkedList;java.util.Map;java.util.concurrent.ExecutorService;java.util.concurrent.RejectedExecutionException;java.util.concurrent.TimeUnit;java.util.stream.Stream;java.lang.management.ManagementFactory;lombok.extern.slf4j.Slf4j],[java.lang.String;java.lang.String],[],"header(String, String)","https://docs.oracle.com/en/java/javase/11/docs/api//java.net.http/java/net/http/HttpRequest.Builder.html#header(java.lang.String,java.lang.String)",11,"['String', 'String']",.java.net.http.java.net.http.HttpRequest.Builder,header
blobsaver,Network.java,header,1,[com.google.gson.Gson;com.google.gson.JsonElement;com.google.gson.JsonParser;java.io.BufferedReader;java.io.IOException;java.io.InputStreamReader;java.net.URI;java.net.URL;java.net.URLConnection;java.net.URLEncoder;java.net.http.HttpClient;java.net.http.HttpRequest;java.net.http.HttpRequest.BodyPublishers;java.net.http.HttpResponse;java.nio.ByteBuffer;java.nio.channels.Channels;java.nio.channels.ReadableByteChannel;java.nio.channels.SeekableByteChannel;java.nio.charset.StandardCharsets;java.nio.file.Path;java.util.Map;java.nio.file.StandardOpenOption.CREATE;java.nio.file.StandardOpenOption.TRUNCATE_EXISTING;java.nio.file.StandardOpenOption.WRITE],[java.lang.String;java.lang.String],[],"header(String, String)","https://docs.oracle.com/en/java/javase/11/docs/api//java.net.http/java/net/http/HttpRequest.Builder.html#header(java.lang.String,java.lang.String)",11,"['String', 'String']",.java.net.http.java.net.http.HttpRequest.Builder,header
camel,WhatsAppServiceRestAPIAdapter.java,header,4,[java.io.IOException;java.io.InputStream;java.math.BigInteger;java.net.URI;java.net.http.HttpClient;java.net.http.HttpRequest;java.net.http.HttpRequest.BodyPublisher;java.net.http.HttpRequest.BodyPublishers;java.net.http.HttpRequest.Builder;java.net.http.HttpResponse;java.util.HashMap;java.util.Map;java.util.Random;java.util.concurrent.CompletableFuture;java.util.function.Supplier;com.fasterxml.jackson.annotation.JsonInclude;com.fasterxml.jackson.core.JsonProcessingException;com.fasterxml.jackson.databind.ObjectMapper;com.fasterxml.jackson.datatype.jsr310.JavaTimeModule;org.apache.camel.AsyncCallback;org.apache.camel.Exchange;org.apache.camel.RuntimeCamelException;org.apache.camel.component.whatsapp.WhatsAppService;org.apache.camel.component.whatsapp.model.BaseMessage;org.apache.camel.component.whatsapp.model.ContactMessageRequest;org.apache.camel.component.whatsapp.model.InteractiveMessageRequest;org.apache.camel.component.whatsapp.model.LocationMessageRequest;org.apache.camel.component.whatsapp.model.MediaMessageRequest;org.apache.camel.component.whatsapp.model.MessageResponse;org.apache.camel.component.whatsapp.model.TemplateMessageRequest;org.apache.camel.component.whatsapp.model.TextMessageRequest;org.apache.camel.component.whatsapp.model.UploadMediaRequest;org.apache.camel.component.whatsapp.util.FileUploadStreamSupplier;org.apache.camel.util.ObjectHelper;org.slf4j.Logger;org.slf4j.LoggerFactory],[java.lang.String;java.lang.String],[],"header(String, String)","https://docs.oracle.com/en/java/javase/11/docs/api//java.net.http/java/net/http/HttpRequest.Builder.html#header(java.lang.String,java.lang.String)",11,"['String', 'String']",.java.net.http.java.net.http.HttpRequest.Builder,header
camel,LRAClient.java,header,3,[java.io.Closeable;java.io.IOException;java.net.HttpURLConnection;java.net.URI;java.net.URL;java.net.http.HttpClient;java.net.http.HttpRequest;java.net.http.HttpResponse;java.util.List;java.util.concurrent.CompletableFuture;java.util.function.Function;org.apache.camel.Exchange;org.apache.camel.RuntimeCamelException;org.apache.camel.util.ObjectHelper;org.apache.camel.service.lra.LRAConstants.COORDINATOR_PATH_CANCEL;org.apache.camel.service.lra.LRAConstants.COORDINATOR_PATH_CLOSE;org.apache.camel.service.lra.LRAConstants.COORDINATOR_PATH_START;org.apache.camel.service.lra.LRAConstants.HEADER_LINK;org.apache.camel.service.lra.LRAConstants.HEADER_TIME_LIMIT;org.apache.camel.service.lra.LRAConstants.PARTICIPANT_PATH_COMPENSATE;org.apache.camel.service.lra.LRAConstants.PARTICIPANT_PATH_COMPLETE],[java.lang.String;java.lang.String],[],"header(String, String)","https://docs.oracle.com/en/java/javase/11/docs/api//java.net.http/java/net/http/HttpRequest.Builder.html#header(java.lang.String,java.lang.String)",11,"['String', 'String']",.java.net.http.java.net.http.HttpRequest.Builder,header
causeway,CausewayModuleValAsciidocApplib.java,header,1,[java.net.MalformedURLException;java.net.URI;java.net.URL;java.net.http.HttpClient;java.net.http.HttpRequest;java.net.http.HttpResponse.BodyHandlers;java.time.Duration;java.util.ArrayList;java.util.List;java.util.Map;org.asciidoctor.Asciidoctor;org.asciidoctor.Attributes;org.asciidoctor.Options;org.asciidoctor.SafeMode;org.asciidoctor.ast.Document;org.asciidoctor.ast.StructuralNode;org.asciidoctor.extension.BlockProcessor;org.asciidoctor.extension.Contexts;org.asciidoctor.extension.Preprocessor;org.asciidoctor.extension.PreprocessorReader;org.asciidoctor.extension.Reader;org.springframework.beans.factory.annotation.Qualifier;org.springframework.boot.autoconfigure.condition.ConditionalOnMissingBean;org.springframework.context.annotation.Bean;org.springframework.context.annotation.Configuration;org.springframework.lang.Nullable;org.apache.causeway.commons.internal.base._Strings;org.apache.causeway.core.config.CausewayConfiguration;lombok.NonNull;lombok.SneakyThrows;lombok.val],[java.lang.String;java.lang.String],[],"header(String, String)","https://docs.oracle.com/en/java/javase/11/docs/api//java.net.http/java/net/http/HttpRequest.Builder.html#header(java.lang.String,java.lang.String)",11,"['String', 'String']",.java.net.http.java.net.http.HttpRequest.Builder,header
camel,OutgoingMessageHandler.java,setHeader,2,[java.net.URI;java.net.http.HttpClient;java.net.http.HttpRequest;java.net.http.HttpResponse;java.util.concurrent.ExecutionException;com.fasterxml.jackson.databind.ObjectMapper;org.apache.camel.AsyncCallback;org.apache.camel.Exchange;org.apache.camel.component.telegram.model.MessageResult;org.apache.camel.component.telegram.model.OutgoingMessage],[java.lang.String;java.lang.String],[],"setHeader(String, String)","https://docs.oracle.com/en/java/javase/11/docs/api//java.net.http/java/net/http/HttpRequest.Builder.html#setHeader(java.lang.String,java.lang.String)",11,"['String', 'String']",.java.net.http.java.net.http.HttpRequest.Builder,setHeader
camel,OutgoingMessageHandler.java,setHeader,1,[java.net.URI;java.net.http.HttpClient;java.net.http.HttpRequest;java.net.http.HttpResponse;java.util.concurrent.ExecutionException;com.fasterxml.jackson.databind.ObjectMapper;org.apache.camel.AsyncCallback;org.apache.camel.Exchange;org.apache.camel.component.telegram.model.MessageResult;org.apache.camel.component.telegram.model.OutgoingMessage],[java.lang.String;unknown],[],"setHeader(String, String)","https://docs.oracle.com/en/java/javase/11/docs/api//java.net.http/java/net/http/HttpRequest.Builder.html#setHeader(java.lang.String,java.lang.String)",11,"['String', 'String']",.java.net.http.java.net.http.HttpRequest.Builder,setHeader
causeway,EndToEnd_IntegTest.java,setHeader,1,[java.io.File;java.io.IOException;java.lang.reflect.Method;java.net.URI;java.net.http.HttpClient;java.net.http.HttpRequest;java.net.http.HttpResponse;java.nio.charset.StandardCharsets;java.nio.file.Path;java.util.ArrayList;java.util.List;javax.inject.Inject;com.fasterxml.jackson.databind.ObjectMapper;org.approvaltests.Approvals;org.approvaltests.core.Options;org.approvaltests.core.Scrubber;org.approvaltests.reporters.TextWebReporter;org.approvaltests.reporters.UseReporter;org.junit.jupiter.api.AfterEach;org.junit.jupiter.api.BeforeEach;org.junit.jupiter.api.Disabled;org.junit.jupiter.api.Test;org.junit.jupiter.api.TestInfo;org.junit.jupiter.api.condition.DisabledIfSystemProperty;org.springframework.test.context.ActiveProfiles;org.springframework.transaction.annotation.Propagation;org.apache.causeway.applib.services.xactn.TransactionService;org.apache.causeway.commons.internal.resources._Resources;org.apache.causeway.core.config.environment.CausewaySystemEnvironment;org.apache.causeway.core.metamodel.specloader.SpecificationLoader;org.apache.causeway.viewer.graphql.viewer.source.GraphQlSourceForCauseway;org.apache.causeway.viewer.graphql.viewer.test.source.gqltestdomain.E1;org.apache.causeway.viewer.graphql.viewer.test.source.gqltestdomain.E2;org.apache.causeway.viewer.graphql.viewer.test.source.gqltestdomain.GQLTestDomainMenu;org.apache.causeway.viewer.graphql.viewer.test.source.gqltestdomain.TestEntityRepository;org.apache.causeway.commons.internal.assertions._Assert.assertEquals;org.apache.causeway.commons.internal.assertions._Assert.assertNotNull;org.apache.causeway.commons.internal.assertions._Assert.assertTrue;lombok.Data;lombok.SneakyThrows;lombok.val],[java.lang.String;java.lang.String],[],"setHeader(String, String)","https://docs.oracle.com/en/java/javase/11/docs/api//java.net.http/java/net/http/HttpRequest.Builder.html#setHeader(java.lang.String,java.lang.String)",11,"['String', 'String']",.java.net.http.java.net.http.HttpRequest.Builder,setHeader
Cobalt,GithubSecrets.java,header,4,[com.goterl.lazysodium.LazySodiumJava;com.goterl.lazysodium.SodiumJava;com.goterl.lazysodium.utils.LibraryLoader;it.auties.whatsapp.api.Whatsapp;it.auties.whatsapp.util.Json;it.auties.whatsapp.utils.ConfigUtils;it.auties.whatsapp.util.Smile;lombok.SneakyThrows;lombok.experimental.UtilityClass;org.bouncycastle.bcpg.SymmetricKeyAlgorithmTags;org.bouncycastle.jce.provider.BouncyCastleProvider;org.bouncycastle.openpgp.examples.ByteArrayHandler;java.io.IOException;java.net.http.HttpClient;java.net.http.HttpRequest;java.net.http.HttpResponse;java.nio.charset.StandardCharsets;java.nio.file.Files;java.nio.file.Path;java.nio.file.StandardOpenOption;java.security.Security;java.util.Base64;java.util.Objects;java.net.URI.create;java.net.http.HttpRequest.BodyPublishers.ofString],[java.lang.String;java.lang.String],[],"header(String, String)","https://docs.oracle.com/en/java/javase/11/docs/api//java.net.http/java/net/http/HttpRequest.Builder.html#header(java.lang.String,java.lang.String)",11,"['String', 'String']",.java.net.http.java.net.http.HttpRequest.Builder,header
Cobalt,TokensCollectorTest.java,header,6,[it.auties.whatsapp.github.GithubActions;it.auties.whatsapp.util.Spec.Whatsapp;lombok.SneakyThrows;org.junit.jupiter.api.Test;java.io.IOException;java.net.URI;java.net.http.HttpClient;java.net.http.HttpRequest;java.nio.charset.StandardCharsets;java.nio.file.Files;java.nio.file.Path;java.nio.file.StandardOpenOption;java.util.Objects;java.util.regex.Pattern;java.net.http.HttpResponse.BodyHandlers.ofString],[java.lang.String;java.lang.String],[],"header(String, String)","https://docs.oracle.com/en/java/javase/11/docs/api//java.net.http/java/net/http/HttpRequest.Builder.html#header(java.lang.String,java.lang.String)",11,"['String', 'String']",.java.net.http.java.net.http.HttpRequest.Builder,header
clickhouse-java,HttpClientConnectionImpl.java,setHeader,3,[com.clickhouse.client.ClickHouseClient;com.clickhouse.client.ClickHouseConfig;com.clickhouse.client.ClickHouseNode;com.clickhouse.client.ClickHouseRequest;com.clickhouse.client.ClickHouseSslContextProvider;com.clickhouse.client.config.ClickHouseClientOption;com.clickhouse.client.config.ClickHouseProxyType;com.clickhouse.client.http.config.ClickHouseHttpOption;com.clickhouse.data.ClickHouseChecker;com.clickhouse.data.ClickHouseDataStreamFactory;com.clickhouse.data.ClickHouseExternalTable;com.clickhouse.data.ClickHouseFormat;com.clickhouse.data.ClickHouseInputStream;com.clickhouse.data.ClickHouseOutputStream;com.clickhouse.data.ClickHousePipedOutputStream;com.clickhouse.logging.Logger;com.clickhouse.logging.LoggerFactory;java.io.BufferedReader;java.io.ByteArrayInputStream;java.io.ByteArrayOutputStream;java.io.IOException;java.io.InputStream;java.io.InputStreamReader;java.io.OutputStream;java.io.Reader;java.io.UncheckedIOException;java.net.ConnectException;java.net.HttpURLConnection;java.net.InetSocketAddress;java.net.Proxy;java.net.ProxySelector;java.net.SocketAddress;java.net.URI;java.net.http.HttpClient;java.net.http.HttpConnectTimeoutException;java.net.http.HttpHeaders;java.net.http.HttpRequest;java.net.http.HttpResponse;java.net.http.HttpClient.Redirect;java.net.http.HttpClient.Version;java.nio.charset.StandardCharsets;java.time.Duration;java.util.List;java.util.Map;java.util.TimeZone;java.util.UUID;java.util.Map.Entry;java.util.concurrent.CompletableFuture;java.util.concurrent.ExecutionException;java.util.concurrent.ExecutorService;java.util.concurrent.atomic.AtomicBoolean;javax.net.ssl.SSLContext],[java.lang.String;java.lang.String],[],"setHeader(String, String)","https://docs.oracle.com/en/java/javase/11/docs/api//java.net.http/java/net/http/HttpRequest.Builder.html#setHeader(java.lang.String,java.lang.String)",11,"['String', 'String']",.java.net.http.java.net.http.HttpRequest.Builder,setHeader
cryptomator,ReceiveKeyController.java,header,1,[com.nimbusds.jose.JWEObject;dagger.Lazy;org.cryptomator.common.vaults.Vault;org.cryptomator.ui.common.FxController;org.cryptomator.ui.common.FxmlFile;org.cryptomator.ui.common.FxmlScene;org.cryptomator.ui.keyloading.KeyLoading;org.cryptomator.ui.keyloading.KeyLoadingScoped;javax.inject.Inject;javax.inject.Named;javafx.application.Platform;javafx.fxml.FXML;javafx.scene.Scene;javafx.stage.Stage;javafx.stage.WindowEvent;java.io.IOException;java.io.InputStream;java.io.UncheckedIOException;java.net.URI;java.net.URISyntaxException;java.net.http.HttpClient;java.net.http.HttpRequest;java.net.http.HttpResponse;java.text.ParseException;java.util.Objects;java.util.concurrent.CompletableFuture;java.util.concurrent.ExecutorService;java.util.concurrent.atomic.AtomicReference],[java.lang.String;java.lang.String],[],"header(String, String)","https://docs.oracle.com/en/java/javase/11/docs/api//java.net.http/java/net/http/HttpRequest.Builder.html#header(java.lang.String,java.lang.String)",11,"['String', 'String']",.java.net.http.java.net.http.HttpRequest.Builder,header
cryptomator,RegisterDeviceController.java,header,2,[com.auth0.jwt.JWT;com.auth0.jwt.interfaces.DecodedJWT;com.google.common.io.BaseEncoding;com.google.gson.Gson;com.google.gson.GsonBuilder;com.nimbusds.jose.JWEObject;dagger.Lazy;org.cryptomator.common.settings.DeviceKey;org.cryptomator.cryptolib.common.P384KeyPair;org.cryptomator.ui.common.FxController;org.cryptomator.ui.common.FxmlFile;org.cryptomator.ui.common.FxmlScene;org.cryptomator.ui.keyloading.KeyLoading;org.cryptomator.ui.keyloading.KeyLoadingScoped;org.slf4j.Logger;org.slf4j.LoggerFactory;javax.inject.Inject;javax.inject.Named;javafx.application.Platform;javafx.beans.property.BooleanProperty;javafx.beans.property.SimpleBooleanProperty;javafx.fxml.FXML;javafx.scene.Scene;javafx.scene.control.Button;javafx.scene.control.ContentDisplay;javafx.scene.control.TextField;javafx.stage.Stage;javafx.stage.WindowEvent;java.io.IOException;java.net.InetAddress;java.net.URI;java.net.http.HttpClient;java.net.http.HttpRequest;java.net.http.HttpResponse;java.nio.charset.StandardCharsets;java.util.List;java.util.Objects;java.util.concurrent.CompletableFuture;java.util.concurrent.ExecutorService;java.util.concurrent.atomic.AtomicReference],[java.lang.String;java.lang.String],[],"header(String, String)","https://docs.oracle.com/en/java/javase/11/docs/api//java.net.http/java/net/http/HttpRequest.Builder.html#header(java.lang.String,java.lang.String)",11,"['String', 'String']",.java.net.http.java.net.http.HttpRequest.Builder,header
cryptomator,UpdateCheckerModule.java,header,1,[dagger.Module;dagger.Provides;org.apache.commons.lang3.SystemUtils;org.cryptomator.common.Environment;org.cryptomator.common.settings.Settings;org.slf4j.Logger;org.slf4j.LoggerFactory;javax.inject.Named;javafx.beans.binding.Bindings;javafx.beans.binding.ObjectBinding;javafx.beans.property.SimpleStringProperty;javafx.beans.property.StringProperty;javafx.concurrent.ScheduledService;javafx.concurrent.Task;javafx.util.Duration;java.io.UncheckedIOException;java.net.URI;java.net.http.HttpClient;java.net.http.HttpRequest;java.util.Optional;java.util.concurrent.ExecutorService],[java.lang.String;java.lang.String],[],"header(String, String)","https://docs.oracle.com/en/java/javase/11/docs/api//java.net.http/java/net/http/HttpRequest.Builder.html#header(java.lang.String,java.lang.String)",11,"['String', 'String']",.java.net.http.java.net.http.HttpRequest.Builder,header
cxf,HttpClientHTTPConduit.java,header,1,[java.io.FilterInputStream;java.io.IOException;java.io.InputStream;java.io.OutputStream;java.io.PipedInputStream;java.io.PipedOutputStream;java.io.PushbackInputStream;java.net.ConnectException;java.net.HttpURLConnection;java.net.MalformedURLException;java.net.Proxy;java.net.ProxySelector;java.net.SocketAddress;java.net.URI;java.net.URISyntaxException;java.net.UnknownHostException;java.net.http.HttpClient;java.net.http.HttpClient.Redirect;java.net.http.HttpClient.Version;java.net.http.HttpRequest;java.net.http.HttpRequest.BodyPublisher;java.net.http.HttpRequest.BodyPublishers;java.net.http.HttpResponse;java.net.http.HttpResponse.BodyHandler;java.net.http.HttpResponse.BodyHandlers;java.net.http.HttpTimeoutException;java.nio.ByteBuffer;java.nio.channels.UnresolvedAddressException;java.security.GeneralSecurityException;java.security.Principal;java.security.cert.Certificate;java.time.Duration;java.util.Arrays;java.util.LinkedList;java.util.List;java.util.Map;java.util.Optional;java.util.Set;java.util.TreeSet;java.util.concurrent.CompletableFuture;java.util.concurrent.ExecutionException;java.util.concurrent.Flow;java.util.concurrent.Flow.Subscriber;java.util.concurrent.TimeUnit;java.util.concurrent.TimeoutException;java.util.function.Supplier;javax.net.ssl.SSLContext;javax.net.ssl.SSLParameters;javax.net.ssl.SSLSession;org.apache.cxf.Bus;org.apache.cxf.common.util.PropertyUtils;org.apache.cxf.configuration.jsse.TLSClientParameters;org.apache.cxf.helpers.HttpHeaderHelper;org.apache.cxf.helpers.JavaUtils;org.apache.cxf.io.CacheAndWriteOutputStream;org.apache.cxf.message.Message;org.apache.cxf.message.MessageUtils;org.apache.cxf.service.model.EndpointInfo;org.apache.cxf.transport.https.HttpsURLConnectionInfo;org.apache.cxf.transport.https.SSLUtils;org.apache.cxf.transports.http.configuration.HTTPClientPolicy;org.apache.cxf.ws.addressing.EndpointReferenceType],[java.lang.String;unknown],[],"header(String, String)","https://docs.oracle.com/en/java/javase/11/docs/api//java.net.http/java/net/http/HttpRequest.Builder.html#header(java.lang.String,java.lang.String)",11,"['String', 'String']",.java.net.http.java.net.http.HttpRequest.Builder,header
cxf,HttpClientHTTPConduit.java,header,1,[java.io.FilterInputStream;java.io.IOException;java.io.InputStream;java.io.OutputStream;java.io.PipedInputStream;java.io.PipedOutputStream;java.io.PushbackInputStream;java.net.ConnectException;java.net.HttpURLConnection;java.net.MalformedURLException;java.net.Proxy;java.net.ProxySelector;java.net.SocketAddress;java.net.URI;java.net.URISyntaxException;java.net.UnknownHostException;java.net.http.HttpClient;java.net.http.HttpClient.Redirect;java.net.http.HttpClient.Version;java.net.http.HttpRequest;java.net.http.HttpRequest.BodyPublisher;java.net.http.HttpRequest.BodyPublishers;java.net.http.HttpResponse;java.net.http.HttpResponse.BodyHandler;java.net.http.HttpResponse.BodyHandlers;java.net.http.HttpTimeoutException;java.nio.ByteBuffer;java.nio.channels.UnresolvedAddressException;java.security.GeneralSecurityException;java.security.Principal;java.security.cert.Certificate;java.time.Duration;java.util.Arrays;java.util.LinkedList;java.util.List;java.util.Map;java.util.Optional;java.util.Set;java.util.TreeSet;java.util.concurrent.CompletableFuture;java.util.concurrent.ExecutionException;java.util.concurrent.Flow;java.util.concurrent.Flow.Subscriber;java.util.concurrent.TimeUnit;java.util.concurrent.TimeoutException;java.util.function.Supplier;javax.net.ssl.SSLContext;javax.net.ssl.SSLParameters;javax.net.ssl.SSLSession;org.apache.cxf.Bus;org.apache.cxf.common.util.PropertyUtils;org.apache.cxf.configuration.jsse.TLSClientParameters;org.apache.cxf.helpers.HttpHeaderHelper;org.apache.cxf.helpers.JavaUtils;org.apache.cxf.io.CacheAndWriteOutputStream;org.apache.cxf.message.Message;org.apache.cxf.message.MessageUtils;org.apache.cxf.service.model.EndpointInfo;org.apache.cxf.transport.https.HttpsURLConnectionInfo;org.apache.cxf.transport.https.SSLUtils;org.apache.cxf.transports.http.configuration.HTTPClientPolicy;org.apache.cxf.ws.addressing.EndpointReferenceType],[java.lang.String;java.lang.String],[],"header(String, String)","https://docs.oracle.com/en/java/javase/11/docs/api//java.net.http/java/net/http/HttpRequest.Builder.html#header(java.lang.String,java.lang.String)",11,"['String', 'String']",.java.net.http.java.net.http.HttpRequest.Builder,header
cxf,HttpClientHTTPConduit.java,header,1,[java.io.FilterInputStream;java.io.IOException;java.io.InputStream;java.io.OutputStream;java.io.PipedInputStream;java.io.PipedOutputStream;java.io.PushbackInputStream;java.net.ConnectException;java.net.HttpURLConnection;java.net.MalformedURLException;java.net.Proxy;java.net.ProxySelector;java.net.SocketAddress;java.net.URI;java.net.URISyntaxException;java.net.UnknownHostException;java.net.http.HttpClient;java.net.http.HttpClient.Redirect;java.net.http.HttpClient.Version;java.net.http.HttpRequest;java.net.http.HttpRequest.BodyPublisher;java.net.http.HttpRequest.BodyPublishers;java.net.http.HttpResponse;java.net.http.HttpResponse.BodyHandler;java.net.http.HttpResponse.BodyHandlers;java.net.http.HttpTimeoutException;java.nio.ByteBuffer;java.nio.channels.UnresolvedAddressException;java.security.GeneralSecurityException;java.security.Principal;java.security.cert.Certificate;java.time.Duration;java.util.Arrays;java.util.LinkedList;java.util.List;java.util.Map;java.util.Optional;java.util.Set;java.util.TreeSet;java.util.concurrent.CompletableFuture;java.util.concurrent.ExecutionException;java.util.concurrent.Flow;java.util.concurrent.Flow.Subscriber;java.util.concurrent.TimeUnit;java.util.concurrent.TimeoutException;java.util.function.Supplier;javax.net.ssl.SSLContext;javax.net.ssl.SSLParameters;javax.net.ssl.SSLSession;org.apache.cxf.Bus;org.apache.cxf.common.util.PropertyUtils;org.apache.cxf.configuration.jsse.TLSClientParameters;org.apache.cxf.helpers.HttpHeaderHelper;org.apache.cxf.helpers.JavaUtils;org.apache.cxf.io.CacheAndWriteOutputStream;org.apache.cxf.message.Message;org.apache.cxf.message.MessageUtils;org.apache.cxf.service.model.EndpointInfo;org.apache.cxf.transport.https.HttpsURLConnectionInfo;org.apache.cxf.transport.https.SSLUtils;org.apache.cxf.transports.http.configuration.HTTPClientPolicy;org.apache.cxf.ws.addressing.EndpointReferenceType],[java.lang.String;? super java.lang.String],[],"header(String, String)","https://docs.oracle.com/en/java/javase/11/docs/api//java.net.http/java/net/http/HttpRequest.Builder.html#header(java.lang.String,java.lang.String)",11,"['String', 'String']",.java.net.http.java.net.http.HttpRequest.Builder,header
davmail,HttpClientAdapter.java,setHeader,1,[davmail.Settings;davmail.exception;davmail.http.request;org.apache.http.Header;org.apache.http.HttpResponse;org.apache.http.HttpStatus;org.apache.http.StatusLine;org.apache.http.auth.AuthSchemeProvider;org.apache.http.auth.AuthScope;org.apache.http.auth.NTCredentials;org.apache.http.client.CredentialsProvider;org.apache.http.client.HttpResponseException;org.apache.http.client.config.AuthSchemes;org.apache.http.client.config.RequestConfig;org.apache.http.client.methods.CloseableHttpResponse;org.apache.http.client.methods.HttpRequestBase;org.apache.http.client.protocol.HttpClientContext;org.apache.http.client.utils.URIUtils;org.apache.http.config.Registry;org.apache.http.config.RegistryBuilder;org.apache.http.conn.HttpClientConnectionManager;org.apache.http.conn.socket.ConnectionSocketFactory;org.apache.http.conn.socket.PlainConnectionSocketFactory;org.apache.http.conn.ssl.SSLConnectionSocketFactory;org.apache.http.cookie.Cookie;org.apache.http.impl.auth.BasicSchemeFactory;org.apache.http.impl.auth.DigestSchemeFactory;org.apache.http.impl.client.BasicCookieStore;org.apache.http.impl.client.BasicCredentialsProvider;org.apache.http.impl.client.CloseableHttpClient;org.apache.http.impl.client.HttpClientBuilder;org.apache.http.impl.conn.BasicHttpClientConnectionManager;org.apache.http.impl.conn.PoolingHttpClientConnectionManager;org.apache.http.impl.conn.SystemDefaultRoutePlanner;org.apache.jackrabbit.webdav.DavException;org.apache.jackrabbit.webdav.MultiStatus;org.apache.jackrabbit.webdav.MultiStatusResponse;org.apache.jackrabbit.webdav.client.methods.BaseDavRequest;org.apache.jackrabbit.webdav.client.methods.HttpCopy;org.apache.jackrabbit.webdav.client.methods.HttpMove;org.apache.log4j.Logger;org.codehaus.jettison.json.JSONObject;java.io.Closeable;java.io.IOException;java.net;java.security.Security;java.util.HashSet;java.util.List],[java.lang.String;java.lang.String],[],"setHeader(String, String)","https://docs.oracle.com/en/java/javase/11/docs/api//java.net.http/java/net/http/HttpRequest.Builder.html#setHeader(java.lang.String,java.lang.String)",11,"['String', 'String']",.java.net.http.java.net.http.HttpRequest.Builder,setHeader
dataverse,HarvesterServiceBean.java,header,1,[java.net.HttpURLConnection.HTTP_OK;edu.harvard.iq.dataverse.Dataset;edu.harvard.iq.dataverse.DatasetServiceBean;edu.harvard.iq.dataverse.Dataverse;edu.harvard.iq.dataverse.DataverseServiceBean;edu.harvard.iq.dataverse.timer.DataverseTimerServiceBean;java.io.File;java.io.IOException;java.text.SimpleDateFormat;java.util.ArrayList;java.util.Date;java.util.Iterator;java.util.List;java.util.logging.FileHandler;java.util.logging.Level;java.util.logging.Logger;javax.annotation.Resource;javax.ejb.Asynchronous;javax.ejb.EJB;javax.ejb.EJBException;javax.ejb.Stateless;javax.ejb.Timer;javax.inject.Named;javax.xml.parsers.ParserConfigurationException;javax.xml.transform.TransformerException;org.apache.commons.lang3.mutable.MutableBoolean;org.xml.sax.SAXException;io.gdcc.xoai.model.oaipmh.results.record.Header;edu.harvard.iq.dataverse.EjbDataverseEngine;edu.harvard.iq.dataverse.api.imports.ImportServiceBean;edu.harvard.iq.dataverse.engine.command.DataverseRequest;edu.harvard.iq.dataverse.harvest.client.oai.OaiHandler;edu.harvard.iq.dataverse.harvest.client.oai.OaiHandlerException;edu.harvard.iq.dataverse.search.IndexServiceBean;java.io.FileOutputStream;java.io.FileWriter;java.io.InputStream;java.io.PrintWriter;java.net.URI;java.net.http.HttpClient;java.net.http.HttpRequest;java.net.http.HttpResponse;java.nio.file.Files;java.nio.file.Paths;java.nio.file.Path;javax.persistence.EntityManager;javax.persistence.PersistenceContext],[java.lang.String;java.lang.String],[],"header(String, String)","https://docs.oracle.com/en/java/javase/11/docs/api//java.net.http/java/net/http/HttpRequest.Builder.html#header(java.lang.String,java.lang.String)",11,"['String', 'String']",.java.net.http.java.net.http.HttpRequest.Builder,header
dataverse,FastGetRecord.java,header,3,[edu.harvard.iq.dataverse.harvest.client.oai.OaiHandler;java.io.IOException;java.io.InputStream;java.io.StringReader;java.io.InputStreamReader;java.io.BufferedReader;java.io.File;java.io.FileOutputStream;java.io.PrintWriter;java.net.HttpURLConnection.HTTP_OK;java.net.MalformedURLException;java.net.URI;java.net.http.HttpClient;java.net.http.HttpRequest;java.net.http.HttpResponse;java.util.Map;java.util.Optional;java.util.zip.GZIPInputStream;java.util.zip.InflaterInputStream;java.util.zip.ZipInputStream;javax.xml.parsers.ParserConfigurationException;javax.xml.transform.TransformerException;org.xml.sax.SAXException;javax.xml.stream.XMLStreamConstants;javax.xml.stream.XMLStreamException;javax.xml.stream.XMLStreamReader;javax.xml.stream.XMLInputFactory],[java.lang.String;java.lang.String],[],"header(String, String)","https://docs.oracle.com/en/java/javase/11/docs/api//java.net.http/java/net/http/HttpRequest.Builder.html#header(java.lang.String,java.lang.String)",11,"['String', 'String']",.java.net.http.java.net.http.HttpRequest.Builder,header
dataverse,ExternalToolHandler.java,header,1,[edu.harvard.iq.dataverse.DataFile;edu.harvard.iq.dataverse.Dataset;edu.harvard.iq.dataverse.FileMetadata;edu.harvard.iq.dataverse.authorization.users.ApiToken;edu.harvard.iq.dataverse.settings.JvmSettings;edu.harvard.iq.dataverse.util.SystemConfig;edu.harvard.iq.dataverse.util.URLTokenUtil;edu.harvard.iq.dataverse.util.UrlSignerUtil;edu.harvard.iq.dataverse.util.json.JsonUtil;java.io.IOException;java.net.HttpURLConnection;java.net.URI;java.net.http.HttpClient;java.net.http.HttpRequest;java.net.http.HttpResponse;java.util.Base64;java.util.Map.Entry;java.util.logging.Level;java.util.logging.Logger;javax.json.Json;javax.json.JsonArray;javax.json.JsonArrayBuilder;javax.json.JsonNumber;javax.json.JsonObject;javax.json.JsonObjectBuilder;javax.json.JsonString;javax.json.JsonValue;javax.ws.rs.HttpMethod;org.apache.commons.codec.binary.StringUtils],[java.lang.String;java.lang.String],[],"header(String, String)","https://docs.oracle.com/en/java/javase/11/docs/api//java.net.http/java/net/http/HttpRequest.Builder.html#header(java.lang.String,java.lang.String)",11,"['String', 'String']",.java.net.http.java.net.http.HttpRequest.Builder,header
elasticsearch,MockServer.java,header,1,[com.fasterxml.jackson.databind.JsonNode;com.fasterxml.jackson.databind.ObjectMapper;com.fasterxml.jackson.databind.node.ArrayNode;com.fasterxml.jackson.databind.node.ObjectNode;com.fasterxml.jackson.databind.node.ValueNode;org.apache.logging.log4j.LogManager;org.apache.logging.log4j.Logger;org.elasticsearch.core.CheckedConsumer;org.elasticsearch.packaging.test.PackagingTestCase;org.elasticsearch.packaging.util.Shell;java.net.URI;java.net.http.HttpClient;java.net.http.HttpRequest;java.net.http.HttpRequest.BodyPublishers;java.net.http.HttpResponse;java.net.http.HttpResponse.BodyHandlers;java.util.ArrayList;java.util.HashMap;java.util.Iterator;java.util.List;java.util.Map;java.util.concurrent.ExecutorService;java.util.concurrent.Executors;java.util.concurrent.TimeUnit;org.hamcrest.Matchers.is;org.junit.Assert.assertThat],[java.lang.String;java.lang.String],[],"header(String, String)","https://docs.oracle.com/en/java/javase/11/docs/api//java.net.http/java/net/http/HttpRequest.Builder.html#header(java.lang.String,java.lang.String)",11,"['String', 'String']",.java.net.http.java.net.http.HttpRequest.Builder,header
flow-core-x,GitHubApiClient.java,setHeader,2,[com.fasterxml.jackson.annotation.JsonProperty;com.fasterxml.jackson.core.JsonProcessingException;com.fasterxml.jackson.databind.ObjectMapper;com.flowci.core.git.domain.GitCommit;com.flowci.core.git.domain.GitCommitStatus;com.flowci.core.git.domain.GitConfig;com.flowci.core.git.domain.GitRepo;com.flowci.core.secret.domain.TokenSecret;com.flowci.exception.CIException;com.flowci.exception.UnsupportedException;lombok.extern.slf4j.Slf4j;org.springframework.http.HttpStatus;org.springframework.web.util.UriTemplate;java.net.URI;java.net.http.HttpClient;java.net.http.HttpRequest;java.net.http.HttpResponse;java.util.Map;java.util.Objects],[java.lang.String;java.lang.String],[],"setHeader(String, String)","https://docs.oracle.com/en/java/javase/11/docs/api//java.net.http/java/net/http/HttpRequest.Builder.html#setHeader(java.lang.String,java.lang.String)",11,"['String', 'String']",.java.net.http.java.net.http.HttpRequest.Builder,setHeader
GeoIP2-java,WebServiceClient.java,header,3,[com.fasterxml.jackson.core.type.TypeReference;com.fasterxml.jackson.databind.DeserializationFeature;com.fasterxml.jackson.databind.InjectableValues;com.fasterxml.jackson.databind.MapperFeature;com.fasterxml.jackson.databind.ObjectMapper;com.fasterxml.jackson.databind.json.JsonMapper;com.maxmind.geoip2.exception.AddressNotFoundException;com.maxmind.geoip2.exception.AuthenticationException;com.maxmind.geoip2.exception.GeoIp2Exception;com.maxmind.geoip2.exception.HttpException;com.maxmind.geoip2.exception.InvalidRequestException;com.maxmind.geoip2.exception.OutOfQueriesException;com.maxmind.geoip2.exception.PermissionRequiredException;com.maxmind.geoip2.model.CityResponse;com.maxmind.geoip2.model.CountryResponse;com.maxmind.geoip2.model.InsightsResponse;java.io.Closeable;java.io.IOException;java.io.InputStream;java.net.InetAddress;java.net.InetSocketAddress;java.net.Proxy;java.net.ProxySelector;java.net.URI;java.net.URISyntaxException;java.net.http.HttpClient;java.net.http.HttpRequest;java.net.http.HttpResponse;java.nio.charset.StandardCharsets;java.time.Duration;java.util.ArrayList;java.util.Base64;java.util.Collections;java.util.HashMap;java.util.List;java.util.Map],[java.lang.String;java.lang.String],[],"header(String, String)","https://docs.oracle.com/en/java/javase/11/docs/api//java.net.http/java/net/http/HttpRequest.Builder.html#header(java.lang.String,java.lang.String)",11,"['String', 'String']",.java.net.http.java.net.http.HttpRequest.Builder,header
ghidra,HttpSymbolServer.java,setHeader,1,[java.io.IOException;java.io.InputStream;java.net.HttpURLConnection;java.net.URI;java.net.http.HttpRequest;java.net.http.HttpRequest.BodyPublishers;java.net.http.HttpResponse;java.net.http.HttpResponse.BodyHandlers;java.time.Duration;java.util.concurrent;ghidra.net.HttpClients;ghidra.util.Msg;ghidra.util.exception.CancelledException;ghidra.util.task.CancelledListener;ghidra.util.task.TaskMonitor],[java.lang.String;java.lang.String],[],"setHeader(String, String)","https://docs.oracle.com/en/java/javase/11/docs/api//java.net.http/java/net/http/HttpRequest.Builder.html#setHeader(java.lang.String,java.lang.String)",11,"['String', 'String']",.java.net.http.java.net.http.HttpRequest.Builder,setHeader
github-api,GitHubClient.java,setHeader,4,[com.fasterxml.jackson.databind;com.fasterxml.jackson.databind.introspect.VisibilityChecker;org.apache.commons.io.IOUtils;org.kohsuke.github.authorization.AuthorizationProvider;org.kohsuke.github.authorization.UserAuthorizationProvider;org.kohsuke.github.connector.GitHubConnector;org.kohsuke.github.connector.GitHubConnectorRequest;org.kohsuke.github.connector.GitHubConnectorResponse;org.kohsuke.github.function.FunctionThrows;java.io;java.net;java.time.Instant;java.time.format.DateTimeFormatter;java.time.temporal.ChronoUnit;java.util;java.util.concurrent.atomic.AtomicReference;java.util.logging.Logger;javax.annotation.CheckForNull;javax.annotation.Nonnull;javax.net.ssl.SSLHandshakeException;com.fasterxml.jackson.annotation.JsonAutoDetect.Visibility.ANY;com.fasterxml.jackson.annotation.JsonAutoDetect.Visibility.NONE;java.net.HttpURLConnection;java.util.logging.Level;org.apache.commons.lang3.StringUtils.defaultString],[java.lang.String;java.lang.String],[],"setHeader(String, String)","https://docs.oracle.com/en/java/javase/11/docs/api//java.net.http/java/net/http/HttpRequest.Builder.html#setHeader(java.lang.String,java.lang.String)",11,"['String', 'String']",.java.net.http.java.net.http.HttpRequest.Builder,setHeader
github-api,HttpClientGitHubConnector.java,header,1,[org.apache.commons.io.IOUtils;org.kohsuke.github.connector.GitHubConnector;org.kohsuke.github.connector.GitHubConnectorRequest;org.kohsuke.github.connector.GitHubConnectorResponse;java.io.IOException;java.io.InputStream;java.io.InterruptedIOException;java.net.URISyntaxException;java.net.http.HttpClient;java.net.http.HttpRequest;java.net.http.HttpResponse;java.util.List;java.util.Map;javax.annotation.CheckForNull;javax.annotation.Nonnull],[java.lang.String;java.lang.String],[],"header(String, String)","https://docs.oracle.com/en/java/javase/11/docs/api//java.net.http/java/net/http/HttpRequest.Builder.html#header(java.lang.String,java.lang.String)",11,"['String', 'String']",.java.net.http.java.net.http.HttpRequest.Builder,header
inception,ElgAuthenticationClientImpl.java,header,2,[java.time.temporal.ChronoUnit.SECONDS;java.io.IOException;java.net.URI;java.net.http.HttpClient;java.net.http.HttpRequest;java.net.http.HttpRequest.BodyPublishers;java.net.http.HttpResponse;java.time.Instant;java.util.Date;java.util.LinkedHashMap;java.util.Map;org.springframework.http.HttpHeaders;de.tudarmstadt.ukp.inception.recommendation.imls.elg.model.ElgUserInfoResponse;de.tudarmstadt.ukp.inception.security.client.auth.oauth.OAuthAccessTokenResponse;de.tudarmstadt.ukp.inception.security.client.auth.oauth.OAuthGrantType;de.tudarmstadt.ukp.inception.security.client.auth.oauth.OAuthSession;de.tudarmstadt.ukp.inception.support.http.HttpClientImplBase],[java.lang.String;java.lang.String],[],"header(String, String)","https://docs.oracle.com/en/java/javase/11/docs/api//java.net.http/java/net/http/HttpRequest.Builder.html#header(java.lang.String,java.lang.String)",11,"['String', 'String']",.java.net.http.java.net.http.HttpRequest.Builder,header
infinispan,RestHttpClient.java,header,2,[java.io.IOException;java.net.URI;java.net.http.HttpClient;java.net.http.HttpRequest;java.net.http.HttpResponse;java.util.Base64],[java.lang.String;java.lang.String],[],"header(String, String)","https://docs.oracle.com/en/java/javase/11/docs/api//java.net.http/java/net/http/HttpRequest.Builder.html#header(java.lang.String,java.lang.String)",11,"['String', 'String']",.java.net.http.java.net.http.HttpRequest.Builder,header
inception,InceptionRemoteApiJwtIntegrationTest.java,setHeader,1,[com.nimbusds.jose.JOSEObjectType.JWT;de.tudarmstadt.ukp.clarin.webanno.security.model.Role.ROLE_REMOTE;java.lang.System.setProperty;java.util.Collections.emptyList;java.util.concurrent.TimeUnit.SECONDS;org.assertj.core.api.Assertions.assertThat;org.awaitility.Awaitility.await;java.net.URI;java.net.http.HttpClient;java.net.http.HttpRequest;java.net.http.HttpResponse;java.nio.file.Path;java.time.Duration;java.time.Instant;java.util.Map;java.util.UUID;org.junit.jupiter.api.AfterAll;org.junit.jupiter.api.BeforeAll;org.junit.jupiter.api.Tag;org.junit.jupiter.api.Test;org.junit.jupiter.api.io.TempDir;org.springframework.context.ConfigurableApplicationContext;com.nimbusds.jwt.SignedJWT;de.tudarmstadt.ukp.clarin.webanno.security.UserDao;de.tudarmstadt.ukp.clarin.webanno.security.model.Role;de.tudarmstadt.ukp.clarin.webanno.security.model.User;no.nav.security.mock.oauth2.MockOAuth2Server;no.nav.security.mock.oauth2.token.DefaultOAuth2TokenCallback],[java.lang.String;unknown],[],"setHeader(String, String)","https://docs.oracle.com/en/java/javase/11/docs/api//java.net.http/java/net/http/HttpRequest.Builder.html#setHeader(java.lang.String,java.lang.String)",11,"['String', 'String']",.java.net.http.java.net.http.HttpRequest.Builder,setHeader
java-docs-samples,ExampleSystemIT.java,header,1,[com.google.common.truth.Truth.assertThat;java.io.IOException;java.net.HttpURLConnection;java.net.URI;java.net.http.HttpClient;java.net.http.HttpRequest;java.net.http.HttpResponse;org.junit.Test;org.junit.runner.RunWith;org.junit.runners.JUnit4],[java.lang.String;java.lang.String],[],"header(String, String)","https://docs.oracle.com/en/java/javase/11/docs/api//java.net.http/java/net/http/HttpRequest.Builder.html#header(java.lang.String,java.lang.String)",11,"['String', 'String']",.java.net.http.java.net.http.HttpRequest.Builder,header
java4noobs,RequestJava11.java,header,1,[java.io.IOException;java.net.URI;java.net.URISyntaxException;java.net.http.HttpClient;java.net.http.HttpRequest;java.net.http.HttpResponse;java.util.Objects],[java.lang.String;java.lang.String],[],"header(String, String)","https://docs.oracle.com/en/java/javase/11/docs/api//java.net.http/java/net/http/HttpRequest.Builder.html#header(java.lang.String,java.lang.String)",11,"['String', 'String']",.java.net.http.java.net.http.HttpRequest.Builder,header
jena,HttpLib.java,header,1,[java.io.IOException;java.io.InputStream;java.io.UncheckedIOException;java.net.URI;java.net.URISyntaxException;java.net.http.HttpClient;java.net.http.HttpRequest;java.net.http.HttpRequest.BodyPublisher;java.net.http.HttpRequest.BodyPublishers;java.net.http.HttpRequest.Builder;java.net.http.HttpResponse;java.net.http.HttpResponse.BodyHandler;java.net.http.HttpResponse.BodyHandlers;java.net.http.HttpResponse.BodySubscribers;java.nio.charset.StandardCharsets;java.time.Duration;java.util;java.util.concurrent.CompletableFuture;java.util.concurrent.TimeUnit;java.util.function.Consumer;java.util.function.Function;java.util.zip.GZIPInputStream;java.util.zip.InflaterInputStream;org.apache.jena.atlas.RuntimeIOException;org.apache.jena.atlas.io.IO;org.apache.jena.atlas.lib.IRILib;org.apache.jena.atlas.web.HttpException;org.apache.jena.atlas.web.TypedInputStream;org.apache.jena.http.auth.AuthEnv;org.apache.jena.http.auth.AuthLib;org.apache.jena.http.sys.HttpRequestModifier;org.apache.jena.http.sys.RegistryRequestModifier;org.apache.jena.query.ARQ;org.apache.jena.riot.web.HttpNames;org.apache.jena.sparql.exec.http.Params;org.apache.jena.sparql.util.Context;org.apache.jena.web.HttpSC],[java.lang.String;java.lang.String],[],"header(String, String)","https://docs.oracle.com/en/java/javase/11/docs/api//java.net.http/java/net/http/HttpRequest.Builder.html#header(java.lang.String,java.lang.String)",11,"['String', 'String']",.java.net.http.java.net.http.HttpRequest.Builder,header
jena,HttpLib.java,header,1,[java.io.IOException;java.io.InputStream;java.io.UncheckedIOException;java.net.URI;java.net.URISyntaxException;java.net.http.HttpClient;java.net.http.HttpRequest;java.net.http.HttpRequest.BodyPublisher;java.net.http.HttpRequest.BodyPublishers;java.net.http.HttpRequest.Builder;java.net.http.HttpResponse;java.net.http.HttpResponse.BodyHandler;java.net.http.HttpResponse.BodyHandlers;java.net.http.HttpResponse.BodySubscribers;java.nio.charset.StandardCharsets;java.time.Duration;java.util;java.util.concurrent.CompletableFuture;java.util.concurrent.TimeUnit;java.util.function.Consumer;java.util.function.Function;java.util.zip.GZIPInputStream;java.util.zip.InflaterInputStream;org.apache.jena.atlas.RuntimeIOException;org.apache.jena.atlas.io.IO;org.apache.jena.atlas.lib.IRILib;org.apache.jena.atlas.web.HttpException;org.apache.jena.atlas.web.TypedInputStream;org.apache.jena.http.auth.AuthEnv;org.apache.jena.http.auth.AuthLib;org.apache.jena.http.sys.HttpRequestModifier;org.apache.jena.http.sys.RegistryRequestModifier;org.apache.jena.query.ARQ;org.apache.jena.riot.web.HttpNames;org.apache.jena.sparql.exec.http.Params;org.apache.jena.sparql.util.Context;org.apache.jena.web.HttpSC],[? super java.lang.String;? super java.lang.String],[],"header(String, String)","https://docs.oracle.com/en/java/javase/11/docs/api//java.net.http/java/net/http/HttpRequest.Builder.html#header(java.lang.String,java.lang.String)",11,"['String', 'String']",.java.net.http.java.net.http.HttpRequest.Builder,header
jenkins,PluginManagerTest.java,header,13,[java.nio.file.attribute.PosixFilePermission.OWNER_READ;java.nio.file.attribute.PosixFilePermission.OWNER_WRITE;org.awaitility.Awaitility.await;org.junit.Assert.assertEquals;org.junit.Assert.assertFalse;org.junit.Assert.assertNotNull;org.junit.Assert.assertNull;org.junit.Assert.assertThrows;org.junit.Assert.assertTrue;org.junit.Assume.assumeFalse;hudson.PluginManager.UberClassLoader;hudson.model.DownloadService;hudson.model.Hudson;hudson.model.RootAction;hudson.model.UpdateCenter;hudson.model.UpdateCenter.UpdateCenterJob;hudson.model.UpdateSite;hudson.model.User;hudson.security.ACL;hudson.security.ACLContext;hudson.util.FormValidation;hudson.util.PersistedList;java.io.ByteArrayInputStream;java.io.File;java.io.IOException;java.lang.reflect.Method;java.net.CookieHandler;java.net.CookieManager;java.net.HttpCookie;java.net.URI;java.net.URL;java.net.URLClassLoader;java.net.http.HttpClient;java.net.http.HttpRequest;java.net.http.HttpResponse;java.nio.charset.StandardCharsets;java.nio.file.Files;java.nio.file.LinkOption;java.nio.file.attribute.PosixFilePermission;java.time.Duration;java.util.ArrayList;java.util.Arrays;java.util.Collections;java.util.Comparator;java.util.EnumSet;java.util.HashSet;java.util.List;java.util.Objects;java.util.Optional;java.util.Set;java.util.concurrent.Future;java.util.concurrent.TimeUnit;javax.servlet.ServletException;jenkins.ClassLoaderReflectionToolkit;jenkins.RestartRequiredException;jenkins.model.GlobalConfiguration;jenkins.model.Jenkins;net.sf.json.JSONArray;net.sf.json.JSONObject;org.apache.commons.io.FileUtils;org.htmlunit.AlertHandler;org.htmlunit.Page;org.htmlunit.html.HtmlAnchor;org.htmlunit.html.HtmlForm;org.htmlunit.html.HtmlPage;org.junit.Assert;org.junit.Rule;org.junit.Test;org.junit.rules.TemporaryFolder;org.jvnet.hudson.test.FlagRule;org.jvnet.hudson.test.Issue;org.jvnet.hudson.test.JenkinsRule;org.jvnet.hudson.test.MockAuthorizationStrategy;org.jvnet.hudson.test.TestExtension;org.jvnet.hudson.test.Url;org.jvnet.hudson.test.recipes.WithPlugin;org.jvnet.hudson.test.recipes.WithPluginManager;org.kohsuke.stapler.StaplerRequest;org.kohsuke.stapler.StaplerResponse],[java.lang.String;java.lang.String],[],"header(String, String)","https://docs.oracle.com/en/java/javase/11/docs/api//java.net.http/java/net/http/HttpRequest.Builder.html#header(java.lang.String,java.lang.String)",11,"['String', 'String']",.java.net.http.java.net.http.HttpRequest.Builder,header
jenkins,ProxyConfiguration.java,setHeader,1,[com.thoughtworks.xstream.XStream;edu.umd.cs.findbugs.annotations.CheckForNull;edu.umd.cs.findbugs.annotations.NonNull;hudson.model.AbstractDescribableImpl;hudson.model.Descriptor;hudson.model.Saveable;hudson.model.listeners.SaveableListener;hudson.util.FormValidation;hudson.util.Scrambler;hudson.util.Secret;hudson.util.XStream2;java.io.File;java.io.IOException;java.io.InputStream;java.io.Serializable;java.net.Authenticator;java.net.HttpURLConnection;java.net.InetSocketAddress;java.net.PasswordAuthentication;java.net.Proxy;java.net.ProxySelector;java.net.SocketAddress;java.net.URI;java.net.URISyntaxException;java.net.URL;java.net.URLConnection;java.net.http.HttpClient;java.net.http.HttpRequest;java.net.http.HttpResponse;java.time.Duration;java.util.ArrayList;java.util.Collections;java.util.List;java.util.Objects;java.util.concurrent.TimeUnit;java.util.regex.Pattern;jenkins.UserAgentURLConnectionDecorator;jenkins.model.Jenkins;jenkins.security.stapler.StaplerAccessibleType;jenkins.util.JenkinsJVM;jenkins.util.SystemProperties;org.jenkinsci.Symbol;org.jvnet.robust_http_client.RetryableHttpStream;org.kohsuke.accmod.Restricted;org.kohsuke.accmod.restrictions.NoExternalUse;org.kohsuke.stapler.DataBoundConstructor;org.kohsuke.stapler.DataBoundSetter;org.kohsuke.stapler.QueryParameter;org.kohsuke.stapler.interceptor.RequirePOST],[java.lang.String;unknown],[],"setHeader(String, String)","https://docs.oracle.com/en/java/javase/11/docs/api//java.net.http/java/net/http/HttpRequest.Builder.html#setHeader(java.lang.String,java.lang.String)",11,"['String', 'String']",.java.net.http.java.net.http.HttpRequest.Builder,setHeader
jenkins,FormValidation.java,setHeader,1,[hudson.Functions.jsStringEscape;hudson.Util.singleQuote;edu.umd.cs.findbugs.annotations.NonNull;hudson.FilePath;hudson.Functions;hudson.Launcher;hudson.ProxyConfiguration;hudson.RelativePath;hudson.Util;hudson.model.AbstractBuild;hudson.model.BuildListener;hudson.model.Descriptor;hudson.tasks.Builder;hudson.util.ReflectionUtils.Parameter;java.io.BufferedReader;java.io.File;java.io.IOException;java.io.InputStreamReader;java.lang.reflect.Method;java.net.HttpURLConnection;java.net.URI;java.net.URL;java.net.URLConnection;java.net.http.HttpClient;java.net.http.HttpRequest;java.nio.charset.StandardCharsets;java.util.ArrayList;java.util.Base64;java.util.Collection;java.util.List;java.util.Locale;java.util.stream.Stream;javax.servlet.ServletException;jenkins.model.Jenkins;jenkins.util.SystemProperties;org.apache.commons.lang.StringUtils;org.kohsuke.stapler.HttpResponse;org.kohsuke.stapler.QueryParameter;org.kohsuke.stapler.Stapler;org.kohsuke.stapler.StaplerRequest;org.kohsuke.stapler.StaplerResponse],[java.lang.String;java.lang.String],[],"setHeader(String, String)","https://docs.oracle.com/en/java/javase/11/docs/api//java.net.http/java/net/http/HttpRequest.Builder.html#setHeader(java.lang.String,java.lang.String)",11,"['String', 'String']",.java.net.http.java.net.http.HttpRequest.Builder,setHeader
jitsi,BaseHttpXCapClient.java,setHeader,3,[java.io;java.net;java.net.URI;java.nio.charset;java.util.concurrent.atomic;javax.sip.address;net.java.sip.communicator.impl.protocol.sip;net.java.sip.communicator.impl.protocol.sip.xcap.model;net.java.sip.communicator.impl.protocol.sip.xcap.model.xcaperror;net.java.sip.communicator.impl.protocol.sip.xcap.utils;net.java.sip.communicator.service.gui;net.java.sip.communicator.service.httputil;org.apache.http;org.apache.http.auth;org.apache.http.client;org.apache.http.client.methods;org.apache.http.entity;org.apache.http.impl.client],[java.lang.String;java.lang.String],[],"setHeader(String, String)","https://docs.oracle.com/en/java/javase/11/docs/api//java.net.http/java/net/http/HttpRequest.Builder.html#setHeader(java.lang.String,java.lang.String)",11,"['String', 'String']",.java.net.http.java.net.http.HttpRequest.Builder,setHeader
jolokia,AgentServlet.java,setHeader,5,[java.io;java.net;java.security.PrivilegedActionException;java.security.PrivilegedExceptionAction;java.util;javax.management.RuntimeMBeanException;javax.security.auth.Subject;javax.servlet;javax.servlet.http;org.jolokia.backend.BackendManager;org.jolokia.config;org.jolokia.discovery.AgentDetails;org.jolokia.discovery.DiscoveryMulticastResponder;org.jolokia.restrictor;org.jolokia.util;org.json.simple.JSONAware;org.json.simple.JSONStreamAware],[java.lang.String;java.lang.String],[],"setHeader(String, String)","https://docs.oracle.com/en/java/javase/11/docs/api//java.net.http/java/net/http/HttpRequest.Builder.html#setHeader(java.lang.String,java.lang.String)",11,"['String', 'String']",.java.net.http.java.net.http.HttpRequest.Builder,setHeader
julie,JulieHttpClient.java,header,3,[java.net.http.HttpRequest.BodyPublishers.noBody;java.net.http.HttpRequest.BodyPublishers.ofString;com.purbon.kafka.topology.Configuration;com.purbon.kafka.topology.api.mds.Response;com.purbon.kafka.topology.utils.BasicAuth;java.io.IOException;java.io.InputStream;java.net.URI;java.net.http.HttpClient;java.net.http.HttpRequest;java.net.http.HttpRequest.BodyPublisher;java.net.http.HttpResponse;java.nio.file.Files;java.nio.file.Path;java.nio.file.Paths;java.security.KeyManagementException;java.security.KeyStore;java.security.KeyStoreException;java.security.NoSuchAlgorithmException;java.security.UnrecoverableKeyException;java.security.cert.CertificateException;java.time.Duration;java.util.Optional;java.util.concurrent.CompletableFuture;java.util.function.Function;javax.net.ssl.KeyManager;javax.net.ssl.KeyManagerFactory;javax.net.ssl.SSLContext;javax.net.ssl.TrustManager;javax.net.ssl.TrustManagerFactory;org.apache.logging.log4j.LogManager;org.apache.logging.log4j.Logger],[java.lang.String;java.lang.String],[],"header(String, String)","https://docs.oracle.com/en/java/javase/11/docs/api//java.net.http/java/net/http/HttpRequest.Builder.html#header(java.lang.String,java.lang.String)",11,"['String', 'String']",.java.net.http.java.net.http.HttpRequest.Builder,header
killbill,KillBillAuth0Realm.java,header,7,[java.io.IOException;java.io.InputStream;java.math.BigInteger;java.net.URI;java.net.URLEncoder;java.net.http.HttpClient;java.net.http.HttpRequest;java.net.http.HttpResponse;java.nio.charset.StandardCharsets;java.security.Key;java.security.PublicKey;java.security.interfaces.ECPublicKey;java.security.interfaces.RSAPublicKey;java.security.spec.ECFieldFp;java.security.spec.ECParameterSpec;java.security.spec.ECPoint;java.security.spec.EllipticCurve;java.time.Duration;java.time.temporal.ChronoUnit;java.util.Base64;java.util.Date;java.util.HashMap;java.util.HashSet;java.util.List;java.util.Map;java.util.Set;javax.inject.Inject;org.apache.shiro.authc.AuthenticationException;org.apache.shiro.authc.AuthenticationInfo;org.apache.shiro.authc.AuthenticationToken;org.apache.shiro.authc.HostAuthenticationToken;org.apache.shiro.authc.SimpleAuthenticationInfo;org.apache.shiro.authc.UsernamePasswordToken;org.apache.shiro.authz.AuthorizationException;org.apache.shiro.authz.AuthorizationInfo;org.apache.shiro.authz.SimpleAuthorizationInfo;org.apache.shiro.realm.AuthorizingRealm;org.apache.shiro.subject.MutablePrincipalCollection;org.apache.shiro.subject.PrincipalCollection;org.apache.shiro.subject.SimplePrincipalCollection;org.killbill.commons.utils.Strings;org.killbill.commons.utils.annotation.VisibleForTesting;org.killbill.billing.util.config.definition.SecurityConfig;org.killbill.commons.utils.cache.Cache;org.killbill.commons.utils.cache.DefaultCache;org.slf4j.Logger;org.slf4j.LoggerFactory;com.fasterxml.jackson.core.type.TypeReference;com.fasterxml.jackson.databind.ObjectMapper;io.jsonwebtoken.Claims;io.jsonwebtoken.Clock;io.jsonwebtoken.Jws;io.jsonwebtoken.JwsHeader;io.jsonwebtoken.JwtException;io.jsonwebtoken.JwtParser;io.jsonwebtoken.JwtParserBuilder;io.jsonwebtoken.Jwts;io.jsonwebtoken.SigningKeyResolver;io.jsonwebtoken.security.SignatureException],[java.lang.String;java.lang.String],[],"header(String, String)","https://docs.oracle.com/en/java/javase/11/docs/api//java.net.http/java/net/http/HttpRequest.Builder.html#header(java.lang.String,java.lang.String)",11,"['String', 'String']",.java.net.http.java.net.http.HttpRequest.Builder,header
killbill,KillBillOktaRealm.java,header,3,[java.io.IOException;java.io.InputStream;java.io.UnsupportedEncodingException;java.net.URI;java.net.URLEncoder;java.net.http.HttpClient;java.net.http.HttpRequest;java.net.http.HttpResponse;java.time.Duration;java.time.temporal.ChronoUnit;java.util.Collection;java.util.HashSet;java.util.LinkedHashMap;java.util.List;java.util.Map;java.util.Set;javax.inject.Inject;org.apache.shiro.authc.AuthenticationException;org.apache.shiro.authc.AuthenticationInfo;org.apache.shiro.authc.AuthenticationToken;org.apache.shiro.authc.SimpleAuthenticationInfo;org.apache.shiro.authc.UsernamePasswordToken;org.apache.shiro.authz.AuthorizationException;org.apache.shiro.authz.AuthorizationInfo;org.apache.shiro.authz.SimpleAuthorizationInfo;org.apache.shiro.config.Ini;org.apache.shiro.config.Ini.Section;org.apache.shiro.realm.AuthorizingRealm;org.apache.shiro.subject.PrincipalCollection;org.killbill.commons.utils.Strings;org.killbill.billing.util.config.definition.SecurityConfig;org.slf4j.Logger;org.slf4j.LoggerFactory;com.fasterxml.jackson.core.JsonProcessingException;com.fasterxml.jackson.core.type.TypeReference;com.fasterxml.jackson.databind.ObjectMapper],[java.lang.String;java.lang.String],[],"header(String, String)","https://docs.oracle.com/en/java/javase/11/docs/api//java.net.http/java/net/http/HttpRequest.Builder.html#header(java.lang.String,java.lang.String)",11,"['String', 'String']",.java.net.http.java.net.http.HttpRequest.Builder,header
killbill,PushNotificationListener.java,header,2,[java.io.IOException;java.io.InputStream;java.net.URI;java.net.http.HttpClient;java.net.http.HttpRequest;java.net.http.HttpResponse;java.time.Duration;java.time.temporal.ChronoUnit;java.util.List;java.util.Objects;java.util.UUID;javax.inject.Inject;org.joda.time.DateTime;org.killbill.billing.ObjectType;org.killbill.billing.callcontext.InternalTenantContext;org.killbill.billing.jaxrs.json.NotificationJson;org.killbill.billing.notification.plugin.api.ExtBusEvent;org.killbill.billing.platform.api.KillbillService.KILLBILL_SERVICES;org.killbill.billing.tenant.api.TenantApiException;org.killbill.billing.tenant.api.TenantKV.TenantKey;org.killbill.billing.tenant.api.TenantUserApi;org.killbill.commons.utils.annotation.VisibleForTesting;org.killbill.billing.util.callcontext.CallContextFactory;org.killbill.billing.util.callcontext.InternalCallContextFactory;org.killbill.billing.util.callcontext.TenantContext;org.killbill.billing.util.config.definition.NotificationConfig;org.killbill.clock.Clock;org.killbill.commons.eventbus.AllowConcurrentEvents;org.killbill.commons.eventbus.Subscribe;org.killbill.notificationq.api.NotificationQueue;org.killbill.notificationq.api.NotificationQueueService;org.killbill.notificationq.api.NotificationQueueService.NoSuchNotificationQueue;org.skife.config.TimeSpan;org.slf4j.Logger;org.slf4j.LoggerFactory;com.fasterxml.jackson.core.JsonProcessingException;com.fasterxml.jackson.databind.ObjectMapper],[java.lang.String;java.lang.String],[],"header(String, String)","https://docs.oracle.com/en/java/javase/11/docs/api//java.net.http/java/net/http/HttpRequest.Builder.html#header(java.lang.String,java.lang.String)",11,"['String', 'String']",.java.net.http.java.net.http.HttpRequest.Builder,header
killbill,KillBillOktaRealm.java,header,2,[java.io.IOException;java.io.InputStream;java.io.UnsupportedEncodingException;java.net.URI;java.net.URLEncoder;java.net.http.HttpClient;java.net.http.HttpRequest;java.net.http.HttpResponse;java.time.Duration;java.time.temporal.ChronoUnit;java.util.Collection;java.util.HashSet;java.util.LinkedHashMap;java.util.List;java.util.Map;java.util.Set;javax.inject.Inject;org.apache.shiro.authc.AuthenticationException;org.apache.shiro.authc.AuthenticationInfo;org.apache.shiro.authc.AuthenticationToken;org.apache.shiro.authc.SimpleAuthenticationInfo;org.apache.shiro.authc.UsernamePasswordToken;org.apache.shiro.authz.AuthorizationException;org.apache.shiro.authz.AuthorizationInfo;org.apache.shiro.authz.SimpleAuthorizationInfo;org.apache.shiro.config.Ini;org.apache.shiro.config.Ini.Section;org.apache.shiro.realm.AuthorizingRealm;org.apache.shiro.subject.PrincipalCollection;org.killbill.commons.utils.Strings;org.killbill.billing.util.config.definition.SecurityConfig;org.slf4j.Logger;org.slf4j.LoggerFactory;com.fasterxml.jackson.core.JsonProcessingException;com.fasterxml.jackson.core.type.TypeReference;com.fasterxml.jackson.databind.ObjectMapper],[java.lang.String;unknown],[],"header(String, String)","https://docs.oracle.com/en/java/javase/11/docs/api//java.net.http/java/net/http/HttpRequest.Builder.html#header(java.lang.String,java.lang.String)",11,"['String', 'String']",.java.net.http.java.net.http.HttpRequest.Builder,header
light-4j,MrasHandler.java,header,5,[com.networknt.body.BodyHandler;com.networknt.client.ClientConfig;com.networknt.client.Http2Client;com.networknt.client.oauth.TokenResponse;com.networknt.client.ssl.ClientX509ExtendedTrustManager;com.networknt.client.ssl.TLSConfig;com.networknt.config.Config;com.networknt.config.JsonMapper;com.networknt.config.TlsUtil;com.networknt.handler.Handler;com.networknt.handler.MiddlewareHandler;com.networknt.handler.config.UrlRewriteRule;com.networknt.httpstring.AttachmentConstants;com.networknt.httpstring.ContentType;com.networknt.metrics.MetricsConfig;com.networknt.metrics.AbstractMetricsHandler;com.networknt.monad.Failure;com.networknt.monad.Result;com.networknt.monad.Success;com.networknt.status.Status;com.networknt.utility.ModuleRegistry;io.undertow.Handlers;io.undertow.server.HttpHandler;io.undertow.server.HttpServerExchange;io.undertow.util.Headers;io.undertow.util.HttpString;org.apache.commons.codec.binary.Base64;org.slf4j.Logger;org.slf4j.LoggerFactory;javax.net.ssl;java.io.IOException;java.net.InetSocketAddress;java.net.ProxySelector;java.net.URI;java.net.URLEncoder;java.net.http.HttpClient;java.net.http.HttpHeaders;java.net.http.HttpRequest;java.net.http.HttpResponse;java.nio.ByteBuffer;java.nio.charset.StandardCharsets;java.security;java.time.Duration;java.util;java.util.regex.Matcher;java.util.stream.Collectors;java.nio.charset.StandardCharsets.UTF_8],[java.lang.String;java.lang.String],[],"header(String, String)","https://docs.oracle.com/en/java/javase/11/docs/api//java.net.http/java/net/http/HttpRequest.Builder.html#header(java.lang.String,java.lang.String)",11,"['String', 'String']",.java.net.http.java.net.http.HttpRequest.Builder,header
micrometer,MicrometerHttpClient.java,header,1,[io.micrometer.common.lang.Nullable;io.micrometer.core.instrument.MeterRegistry;io.micrometer.core.instrument.Tag;io.micrometer.core.instrument.Tags;io.micrometer.core.instrument.binder.http.Outcome;io.micrometer.core.instrument.observation.ObservationOrTimerCompatibleInstrumentation;io.micrometer.observation.Observation;io.micrometer.observation.ObservationRegistry;javax.net.ssl.SSLContext;javax.net.ssl.SSLParameters;java.io.IOException;java.net.Authenticator;java.net.CookieHandler;java.net.ProxySelector;java.net.http.HttpClient;java.net.http.HttpRequest;java.net.http.HttpResponse;java.time.Duration;java.util.Optional;java.util.concurrent.CompletableFuture;java.util.concurrent.Executor;java.util.function.Function],[? super java.lang.String;? super java.lang.String],[],"header(String, String)","https://docs.oracle.com/en/java/javase/11/docs/api//java.net.http/java/net/http/HttpRequest.Builder.html#header(java.lang.String,java.lang.String)",11,"['String', 'String']",.java.net.http.java.net.http.HttpRequest.Builder,header
