Value;Href;Version;MethodParameter;FullClassPath;ModifiedValue
absExact(int);https://docs.oracle.com/en/java/javase/17/docs/api//java.base/java/lang/Math.html#absExact(int);15;['int'];.java.base.java.lang.Math;absExact
absExact(int);https://docs.oracle.com/en/java/javase/17/docs/api//java.base/java/lang/StrictMath.html#absExact(int);15;['int'];.java.base.java.lang.StrictMath;absExact
absExact(long);https://docs.oracle.com/en/java/javase/17/docs/api//java.base/java/lang/Math.html#absExact(long);15;['long'];.java.base.java.lang.Math;absExact
absExact(long);https://docs.oracle.com/en/java/javase/17/docs/api//java.base/java/lang/StrictMath.html#absExact(long);15;['long'];.java.base.java.lang.StrictMath;absExact
afterHandler(String, Consumer<HttpExchange>);https://docs.oracle.com/en/java/javase/17/docs/api//jdk.httpserver/com/sun/net/httpserver/Filter.html#afterHandler(java.lang.String,java.util.function.Consumer);17;['String', 'Consumer<HttpExchange>'];.jdk.httpserver.com.sun.net.httpserver.Filter;afterHandler
allowFilter(Predicate<Class<?>>, ObjectInputFilter.Status);https://docs.oracle.com/en/java/javase/17/docs/api//java.base/java/io/ObjectInputFilter.html#allowFilter(java.util.function.Predicate,java.io.ObjectInputFilter.Status);17;['Predicate<Class<?>>', 'ObjectInputFilter.Status'];.java.base.java.io.ObjectInputFilter;allowFilter
appendDayPeriodText(TextStyle);https://docs.oracle.com/en/java/javase/17/docs/api//java.base/java/time/format/DateTimeFormatterBuilder.html#appendDayPeriodText(java.time.format.TextStyle);16;['TextStyle'];.java.base.java.time.format.DateTimeFormatterBuilder;appendDayPeriodText
arrayType();https://docs.oracle.com/en/java/javase/17/docs/api//java.base/java/lang/Class.html#arrayType();12;[''];.java.base.java.lang.Class;arrayType
beforeHandler(String, Consumer<HttpExchange>);https://docs.oracle.com/en/java/javase/17/docs/api//jdk.httpserver/com/sun/net/httpserver/Filter.html#beforeHandler(java.lang.String,java.util.function.Consumer);17;['String', 'Consumer<HttpExchange>'];.jdk.httpserver.com.sun.net.httpserver.Filter;beforeHandler
BINDING_PATTERN;https://docs.oracle.com/en/java/javase/17/docs/api//jdk.compiler/com/sun/source/tree/Tree.Kind.html#BINDING_PATTERN;16;[''];.jdk.compiler.com.sun.source.tree.Tree.Kind;BINDING_PATTERN
BINDING_VARIABLE;https://docs.oracle.com/en/java/javase/17/docs/api//java.compiler/javax/lang/model/element/ElementKind.html#BINDING_VARIABLE;16;[''];.java.compiler.javax.lang.model.element.ElementKind;BINDING_VARIABLE
BSM_EXPLICIT_CAST;https://docs.oracle.com/en/java/javase/17/docs/api//java.base/java/lang/constant/ConstantDescs.html#BSM_EXPLICIT_CAST;15;[''];.java.base.java.lang.constant.ConstantDescs;BSM_EXPLICIT_CAST
BSM_GET_STATIC_FINAL;https://docs.oracle.com/en/java/javase/17/docs/api//java.base/java/lang/constant/ConstantDescs.html#BSM_GET_STATIC_FINAL;15;[''];.java.base.java.lang.constant.ConstantDescs;BSM_GET_STATIC_FINAL
charset();https://docs.oracle.com/en/java/javase/17/docs/api//java.base/java/io/Console.html#charset();17;[''];.java.base.java.io.Console;charset
checkFromIndexSize(long, long, long);https://docs.oracle.com/en/java/javase/17/docs/api//java.base/java/util/Objects.html#checkFromIndexSize(long,long,long);16;['long', 'long', 'long'];.java.base.java.util.Objects;checkFromIndexSize
checkFromToIndex(long, long, long);https://docs.oracle.com/en/java/javase/17/docs/api//java.base/java/util/Objects.html#checkFromToIndex(long,long,long);16;['long', 'long', 'long'];.java.base.java.util.Objects;checkFromToIndex
checkIndex(long, long);https://docs.oracle.com/en/java/javase/17/docs/api//java.base/java/util/Objects.html#checkIndex(long,long);16;['long', 'long'];.java.base.java.util.Objects;checkIndex
CHESS_SYMBOLS;https://docs.oracle.com/en/java/javase/17/docs/api//java.base/java/lang/Character.UnicodeBlock.html#CHESS_SYMBOLS;12;[''];.java.base.java.lang.Character.UnicodeBlock;CHESS_SYMBOLS
CHORASMIAN;https://docs.oracle.com/en/java/javase/17/docs/api//java.base/java/lang/Character.UnicodeScript.html#CHORASMIAN;15;[''];.java.base.java.lang.Character.UnicodeScript;CHORASMIAN
CHORASMIAN;https://docs.oracle.com/en/java/javase/17/docs/api//java.base/java/lang/Character.UnicodeBlock.html#CHORASMIAN;15;[''];.java.base.java.lang.Character.UnicodeBlock;CHORASMIAN
CJK_UNIFIED_IDEOGRAPHS_EXTENSION_G;https://docs.oracle.com/en/java/javase/17/docs/api//java.base/java/lang/Character.UnicodeBlock.html#CJK_UNIFIED_IDEOGRAPHS_EXTENSION_G;15;[''];.java.base.java.lang.Character.UnicodeBlock;CJK_UNIFIED_IDEOGRAPHS_EXTENSION_G
classData(MethodHandles.Lookup, String, Class<T>);https://docs.oracle.com/en/java/javase/17/docs/api//java.base/java/lang/invoke/MethodHandles.html#classData(java.lang.invoke.MethodHandles.Lookup,java.lang.String,java.lang.Class);16;['MethodHandles.Lookup', 'String', 'Class<T>'];.java.base.java.lang.invoke.MethodHandles;classData
classDataAt(MethodHandles.Lookup, String, Class<T>, int);https://docs.oracle.com/en/java/javase/17/docs/api//java.base/java/lang/invoke/MethodHandles.html#classDataAt(java.lang.invoke.MethodHandles.Lookup,java.lang.String,java.lang.Class,int);16;['MethodHandles.Lookup', 'String', 'Class<T>', 'int'];.java.base.java.lang.invoke.MethodHandles;classDataAt
componentType();https://docs.oracle.com/en/java/javase/17/docs/api//java.base/java/lang/Class.html#componentType();12;[''];.java.base.java.lang.Class;componentType
concat(HttpRequest.BodyPublisher...);https://docs.oracle.com/en/java/javase/17/docs/api//java.net.http/java/net/http/HttpRequest.BodyPublishers.html#concat(java.net.http.HttpRequest.BodyPublisher...);16;['HttpRequest.BodyPublisher...'];.java.net.http.java.net.http.HttpRequest.BodyPublishers;concat
copyOf(Map.Entry<? extends K, ? extends V>);https://docs.oracle.com/en/java/javase/17/docs/api//java.base/java/util/Map.Entry.html#copyOf(java.util.Map.Entry);17;['Map.Entry<?extendsK', '?extendsV>'];.java.base.java.util.Map.Entry;copyOf
declaration(String, String, String);https://docs.oracle.com/en/java/javase/17/docs/api//java.xml/org/xml/sax/ContentHandler.html#declaration(java.lang.String,java.lang.String,java.lang.String);14;['String', 'String', 'String'];.java.xml.org.xml.sax.ContentHandler;declaration
decrementExact(int);https://docs.oracle.com/en/java/javase/17/docs/api//java.base/java/lang/StrictMath.html#decrementExact(int);14;['int'];.java.base.java.lang.StrictMath;decrementExact
decrementExact(long);https://docs.oracle.com/en/java/javase/17/docs/api//java.base/java/lang/StrictMath.html#decrementExact(long);14;['long'];.java.base.java.lang.StrictMath;decrementExact
DEFAULT_CASE_LABEL;https://docs.oracle.com/en/java/javase/17/docs/api//jdk.compiler/com/sun/source/tree/Tree.Kind.html#DEFAULT_CASE_LABEL;17;[''];.jdk.compiler.com.sun.source.tree.Tree.Kind;DEFAULT_CASE_LABEL
describeConstable();https://docs.oracle.com/en/java/javase/17/docs/api//java.base/java/lang/Boolean.html#describeConstable();15;[''];.java.base.java.lang.Boolean;describeConstable
describeConstable();https://docs.oracle.com/en/java/javase/17/docs/api//java.base/java/lang/Byte.html#describeConstable();15;[''];.java.base.java.lang.Byte;describeConstable
describeConstable();https://docs.oracle.com/en/java/javase/17/docs/api//java.base/java/lang/Character.html#describeConstable();15;[''];.java.base.java.lang.Character;describeConstable
describeConstable();https://docs.oracle.com/en/java/javase/17/docs/api//java.base/java/lang/Class.html#describeConstable();12;[''];.java.base.java.lang.Class;describeConstable
describeConstable();https://docs.oracle.com/en/java/javase/17/docs/api//java.base/java/lang/Double.html#describeConstable();12;[''];.java.base.java.lang.Double;describeConstable
describeConstable();https://docs.oracle.com/en/java/javase/17/docs/api//java.base/java/lang/Enum.html#describeConstable();12;[''];.java.base.java.lang.Enum;describeConstable
describeConstable();https://docs.oracle.com/en/java/javase/17/docs/api//java.base/java/lang/Float.html#describeConstable();12;[''];.java.base.java.lang.Float;describeConstable
describeConstable();https://docs.oracle.com/en/java/javase/17/docs/api//java.base/java/lang/Integer.html#describeConstable();12;[''];.java.base.java.lang.Integer;describeConstable
describeConstable();https://docs.oracle.com/en/java/javase/17/docs/api//java.base/java/lang/invoke/MethodHandle.html#describeConstable();12;[''];.java.base.java.lang.invoke.MethodHandle;describeConstable
describeConstable();https://docs.oracle.com/en/java/javase/17/docs/api//java.base/java/lang/invoke/MethodType.html#describeConstable();12;[''];.java.base.java.lang.invoke.MethodType;describeConstable
describeConstable();https://docs.oracle.com/en/java/javase/17/docs/api//java.base/java/lang/invoke/VarHandle.html#describeConstable();12;[''];.java.base.java.lang.invoke.VarHandle;describeConstable
describeConstable();https://docs.oracle.com/en/java/javase/17/docs/api//java.base/java/lang/Long.html#describeConstable();12;[''];.java.base.java.lang.Long;describeConstable
describeConstable();https://docs.oracle.com/en/java/javase/17/docs/api//java.base/java/lang/Short.html#describeConstable();15;[''];.java.base.java.lang.Short;describeConstable
describeConstable();https://docs.oracle.com/en/java/javase/17/docs/api//java.base/java/lang/String.html#describeConstable();12;[''];.java.base.java.lang.String;describeConstable
descriptorString();https://docs.oracle.com/en/java/javase/17/docs/api//java.base/java/lang/Class.html#descriptorString();12;[''];.java.base.java.lang.Class;descriptorString
descriptorString();https://docs.oracle.com/en/java/javase/17/docs/api//java.base/java/lang/invoke/MethodType.html#descriptorString();12;[''];.java.base.java.lang.invoke.MethodType;descriptorString
DIVES_AKURU;https://docs.oracle.com/en/java/javase/17/docs/api//java.base/java/lang/Character.UnicodeScript.html#DIVES_AKURU;15;[''];.java.base.java.lang.Character.UnicodeScript;DIVES_AKURU
DIVES_AKURU;https://docs.oracle.com/en/java/javase/17/docs/api//java.base/java/lang/Character.UnicodeBlock.html#DIVES_AKURU;15;[''];.java.base.java.lang.Character.UnicodeBlock;DIVES_AKURU
DOGRA;https://docs.oracle.com/en/java/javase/17/docs/api//java.base/java/lang/Character.UnicodeScript.html#DOGRA;12;[''];.java.base.java.lang.Character.UnicodeScript;DOGRA
DOGRA;https://docs.oracle.com/en/java/javase/17/docs/api//java.base/java/lang/Character.UnicodeBlock.html#DOGRA;12;[''];.java.base.java.lang.Character.UnicodeBlock;DOGRA
dropReturn(MethodHandle);https://docs.oracle.com/en/java/javase/17/docs/api//java.base/java/lang/invoke/MethodHandles.html#dropReturn(java.lang.invoke.MethodHandle);16;['MethodHandle'];.java.base.java.lang.invoke.MethodHandles;dropReturn
dump(Path);https://docs.oracle.com/en/java/javase/17/docs/api//jdk.jfr/jdk/jfr/consumer/RecordingStream.html#dump(java.nio.file.Path);17;['Path'];.jdk.jfr.jdk.jfr.consumer.RecordingStream;dump
dump(Path);https://docs.oracle.com/en/java/javase/17/docs/api//jdk.management.jfr/jdk/management/jfr/RemoteRecordingStream.html#dump(java.nio.file.Path);17;['Path'];.jdk.management.jfr.jdk.management.jfr.RemoteRecordingStream;dump
ED25519;https://docs.oracle.com/en/java/javase/17/docs/api//java.base/java/security/spec/NamedParameterSpec.html#ED25519;15;[''];.java.base.java.security.spec.NamedParameterSpec;ED25519
ED448;https://docs.oracle.com/en/java/javase/17/docs/api//java.base/java/security/spec/NamedParameterSpec.html#ED448;15;[''];.java.base.java.security.spec.NamedParameterSpec;ED448
EGYPTIAN_HIEROGLYPH_FORMAT_CONTROLS;https://docs.oracle.com/en/java/javase/17/docs/api//java.base/java/lang/Character.UnicodeBlock.html#EGYPTIAN_HIEROGLYPH_FORMAT_CONTROLS;13;[''];.java.base.java.lang.Character.UnicodeBlock;EGYPTIAN_HIEROGLYPH_FORMAT_CONTROLS
ELYMAIC;https://docs.oracle.com/en/java/javase/17/docs/api//java.base/java/lang/Character.UnicodeScript.html#ELYMAIC;13;[''];.java.base.java.lang.Character.UnicodeScript;ELYMAIC
ELYMAIC;https://docs.oracle.com/en/java/javase/17/docs/api//java.base/java/lang/Character.UnicodeBlock.html#ELYMAIC;13;[''];.java.base.java.lang.Character.UnicodeBlock;ELYMAIC
ensureInitialized(Class<?>);https://docs.oracle.com/en/java/javase/17/docs/api//java.base/java/lang/invoke/MethodHandles.Lookup.html#ensureInitialized(java.lang.Class);15;['Class<?>'];.java.base.java.lang.invoke.MethodHandles.Lookup;ensureInitialized
errorReader();https://docs.oracle.com/en/java/javase/17/docs/api//java.base/java/lang/Process.html#errorReader();17;[''];.java.base.java.lang.Process;errorReader
errorReader(Charset);https://docs.oracle.com/en/java/javase/17/docs/api//java.base/java/lang/Process.html#errorReader(java.nio.charset.Charset);17;['Charset'];.java.base.java.lang.Process;errorReader
exceptionallyAsync(Function<Throwable, ? extends T>);https://docs.oracle.com/en/java/javase/17/docs/api//java.base/java/util/concurrent/CompletionStage.html#exceptionallyAsync(java.util.function.Function);12;['Function<Throwable', '?extendsT>'];.java.base.java.util.concurrent.CompletionStage;exceptionallyAsync
exceptionallyAsync(Function<Throwable, ? extends T>, Executor);https://docs.oracle.com/en/java/javase/17/docs/api//java.base/java/util/concurrent/CompletionStage.html#exceptionallyAsync(java.util.function.Function,java.util.concurrent.Executor);12;['Function<Throwable', '?extendsT>', 'Executor'];.java.base.java.util.concurrent.CompletionStage;exceptionallyAsync
exceptionallyCompose(Function<Throwable, ? extends CompletionStage<T>>);https://docs.oracle.com/en/java/javase/17/docs/api//java.base/java/util/concurrent/CompletionStage.html#exceptionallyCompose(java.util.function.Function);12;['Function<Throwable', '?extendsCompletionStage<T>>'];.java.base.java.util.concurrent.CompletionStage;exceptionallyCompose
exceptionallyComposeAsync(Function<Throwable, ? extends CompletionStage<T>>);https://docs.oracle.com/en/java/javase/17/docs/api//java.base/java/util/concurrent/CompletionStage.html#exceptionallyComposeAsync(java.util.function.Function);12;['Function<Throwable', '?extendsCompletionStage<T>>'];.java.base.java.util.concurrent.CompletionStage;exceptionallyComposeAsync
exceptionallyComposeAsync(Function<Throwable, ? extends CompletionStage<T>>, Executor);https://docs.oracle.com/en/java/javase/17/docs/api//java.base/java/util/concurrent/CompletionStage.html#exceptionallyComposeAsync(java.util.function.Function,java.util.concurrent.Executor);12;['Function<Throwable', '?extendsCompletionStage<T>>', 'Executor'];.java.base.java.util.concurrent.CompletionStage;exceptionallyComposeAsync
explicitCast(MethodHandles.Lookup, String, Class<?>, Object);https://docs.oracle.com/en/java/javase/17/docs/api//java.base/java/lang/invoke/ConstantBootstraps.html#explicitCast(java.lang.invoke.MethodHandles.Lookup,java.lang.String,java.lang.Class,java.lang.Object);15;['MethodHandles.Lookup', 'String', 'Class<?>', 'Object'];.java.base.java.lang.invoke.ConstantBootstraps;explicitCast
FALSE;https://docs.oracle.com/en/java/javase/17/docs/api//java.base/java/lang/constant/ConstantDescs.html#FALSE;15;[''];.java.base.java.lang.constant.ConstantDescs;FALSE
force(int, int);https://docs.oracle.com/en/java/javase/17/docs/api//java.base/java/nio/MappedByteBuffer.html#force(int,int);13;['int', 'int'];.java.base.java.nio.MappedByteBuffer;force
formatted(Object...);https://docs.oracle.com/en/java/javase/17/docs/api//java.base/java/lang/String.html#formatted(java.lang.Object...);15;['Object...'];.java.base.java.lang.String;formatted
GEORGIAN_EXTENDED;https://docs.oracle.com/en/java/javase/17/docs/api//java.base/java/lang/Character.UnicodeBlock.html#GEORGIAN_EXTENDED;12;[''];.java.base.java.lang.Character.UnicodeBlock;GEORGIAN_EXTENDED
getBody();https://docs.oracle.com/en/java/javase/17/docs/api//jdk.compiler/com/sun/source/tree/CaseTree.html#getBody();12;[''];.jdk.compiler.com.sun.source.tree.CaseTree;getBody
getCaseKind();https://docs.oracle.com/en/java/javase/17/docs/api//jdk.compiler/com/sun/source/tree/CaseTree.html#getCaseKind();12;[''];.jdk.compiler.com.sun.source.tree.CaseTree;getCaseKind
getChooserShortcutPanelFiles();https://docs.oracle.com/en/java/javase/17/docs/api//java.desktop/javax/swing/filechooser/FileSystemView.html#getChooserShortcutPanelFiles();12;[''];.java.desktop.javax.swing.filechooser.FileSystemView;getChooserShortcutPanelFiles
getCompactNumberInstance();https://docs.oracle.com/en/java/javase/17/docs/api//java.base/java/text/NumberFormat.html#getCompactNumberInstance();12;[''];.java.base.java.text.NumberFormat;getCompactNumberInstance
getCompactNumberInstance(Locale, NumberFormat.Style);https://docs.oracle.com/en/java/javase/17/docs/api//java.base/java/text/NumberFormat.html#getCompactNumberInstance(java.util.Locale,java.text.NumberFormat.Style);12;['Locale', 'NumberFormat.Style'];.java.base.java.text.NumberFormat;getCompactNumberInstance
getCompactNumberInstance(Locale, NumberFormat.Style);https://docs.oracle.com/en/java/javase/17/docs/api//java.base/java/text/spi/NumberFormatProvider.html#getCompactNumberInstance(java.util.Locale,java.text.NumberFormat.Style);12;['Locale', 'NumberFormat.Style'];.java.base.java.text.spi.NumberFormatProvider;getCompactNumberInstance
getCpuLoad();https://docs.oracle.com/en/java/javase/17/docs/api//jdk.management/com/sun/management/OperatingSystemMXBean.html#getCpuLoad();14;[''];.jdk.management.com.sun.management.OperatingSystemMXBean;getCpuLoad
getCurrentThreadAllocatedBytes();https://docs.oracle.com/en/java/javase/17/docs/api//jdk.management/com/sun/management/ThreadMXBean.html#getCurrentThreadAllocatedBytes();14;[''];.jdk.management.com.sun.management.ThreadMXBean;getCurrentThreadAllocatedBytes
getDiagnosticWriter();https://docs.oracle.com/en/java/javase/17/docs/api//jdk.javadoc/jdk/javadoc/doclet/Reporter.html#getDiagnosticWriter();17;[''];.jdk.javadoc.jdk.javadoc.doclet.Reporter;getDiagnosticWriter
getExpressions();https://docs.oracle.com/en/java/javase/17/docs/api//jdk.compiler/com/sun/source/tree/CaseTree.html#getExpressions();12;[''];.jdk.compiler.com.sun.source.tree.CaseTree;getExpressions
getFreeMemorySize();https://docs.oracle.com/en/java/javase/17/docs/api//jdk.management/com/sun/management/OperatingSystemMXBean.html#getFreeMemorySize();14;[''];.jdk.management.com.sun.management.OperatingSystemMXBean;getFreeMemorySize
getJavaFileObjectsFromPaths(Collection<? extends Path>);https://docs.oracle.com/en/java/javase/17/docs/api//java.compiler/javax/tools/StandardJavaFileManager.html#getJavaFileObjectsFromPaths(java.util.Collection);13;['Collection<?extendsPath>'];.java.compiler.javax.tools.StandardJavaFileManager;getJavaFileObjectsFromPaths
getLabels();https://docs.oracle.com/en/java/javase/17/docs/api//jdk.compiler/com/sun/source/tree/CaseTree.html#getLabels();17;[''];.jdk.compiler.com.sun.source.tree.CaseTree;getLabels
getLocale();https://docs.oracle.com/en/java/javase/17/docs/api//jdk.javadoc/jdk/javadoc/doclet/StandardDoclet.html#getLocale();17;[''];.jdk.javadoc.jdk.javadoc.doclet.StandardDoclet;getLocale
getLongThreadID();https://docs.oracle.com/en/java/javase/17/docs/api//java.logging/java/util/logging/LogRecord.html#getLongThreadID();16;[''];.java.logging.java.util.logging.LogRecord;getLongThreadID
getModule();https://docs.oracle.com/en/java/javase/17/docs/api//jdk.compiler/com/sun/source/tree/CompilationUnitTree.html#getModule();17;[''];.jdk.compiler.com.sun.source.tree.CompilationUnitTree;getModule
getMonetaryGroupingSeparator();https://docs.oracle.com/en/java/javase/17/docs/api//java.base/java/text/DecimalFormatSymbols.html#getMonetaryGroupingSeparator();15;[''];.java.base.java.text.DecimalFormatSymbols;getMonetaryGroupingSeparator
getPattern();https://docs.oracle.com/en/java/javase/17/docs/api//jdk.compiler/com/sun/source/tree/InstanceOfTree.html#getPattern();16;[''];.jdk.compiler.com.sun.source.tree.InstanceOfTree;getPattern
getPermitsClause();https://docs.oracle.com/en/java/javase/17/docs/api//jdk.compiler/com/sun/source/tree/ClassTree.html#getPermitsClause();17;[''];.jdk.compiler.com.sun.source.tree.ClassTree;getPermitsClause
getPermittedSubclasses();https://docs.oracle.com/en/java/javase/17/docs/api//java.base/java/lang/Class.html#getPermittedSubclasses();17;[''];.java.base.java.lang.Class;getPermittedSubclasses
getPermittedSubclasses();https://docs.oracle.com/en/java/javase/17/docs/api//java.compiler/javax/lang/model/element/TypeElement.html#getPermittedSubclasses();17;[''];.java.compiler.javax.lang.model.element.TypeElement;getPermittedSubclasses
getRecordComponents();https://docs.oracle.com/en/java/javase/17/docs/api//java.base/java/lang/Class.html#getRecordComponents();16;[''];.java.base.java.lang.Class;getRecordComponents
getRecordComponents();https://docs.oracle.com/en/java/javase/17/docs/api//java.compiler/javax/lang/model/element/TypeElement.html#getRecordComponents();16;[''];.java.compiler.javax.lang.model.element.TypeElement;getRecordComponents
getReporter();https://docs.oracle.com/en/java/javase/17/docs/api//jdk.javadoc/jdk/javadoc/doclet/StandardDoclet.html#getReporter();17;[''];.jdk.javadoc.jdk.javadoc.doclet.StandardDoclet;getReporter
getSerialFilterFactory();https://docs.oracle.com/en/java/javase/17/docs/api//java.base/java/io/ObjectInputFilter.Config.html#getSerialFilterFactory();17;[''];.java.base.java.io.ObjectInputFilter.Config;getSerialFilterFactory
getSSLSession();https://docs.oracle.com/en/java/javase/17/docs/api//java.base/java/net/SecureCacheResponse.html#getSSLSession();12;[''];.java.base.java.net.SecureCacheResponse;getSSLSession
getSSLSession();https://docs.oracle.com/en/java/javase/17/docs/api//java.base/javax/net/ssl/HttpsURLConnection.html#getSSLSession();12;[''];.java.base.javax.net.ssl.HttpsURLConnection;getSSLSession
getStandardWriter();https://docs.oracle.com/en/java/javase/17/docs/api//jdk.javadoc/jdk/javadoc/doclet/Reporter.html#getStandardWriter();17;[''];.jdk.javadoc.jdk.javadoc.doclet.Reporter;getStandardWriter
getSystemIcon(File, int, int);https://docs.oracle.com/en/java/javase/17/docs/api//java.desktop/javax/swing/filechooser/FileSystemView.html#getSystemIcon(java.io.File,int,int);17;['File', 'int', 'int'];.java.desktop.javax.swing.filechooser.FileSystemView;getSystemIcon
getTotalMemorySize();https://docs.oracle.com/en/java/javase/17/docs/api//jdk.management/com/sun/management/OperatingSystemMXBean.html#getTotalMemorySize();14;[''];.jdk.management.com.sun.management.OperatingSystemMXBean;getTotalMemorySize
getType(DocTreePath);https://docs.oracle.com/en/java/javase/17/docs/api//jdk.compiler/com/sun/source/util/DocTrees.html#getType(com.sun.source.util.DocTreePath);15;['DocTreePath'];.jdk.compiler.com.sun.source.util.DocTrees;getType
GUARDED_PATTERN;https://docs.oracle.com/en/java/javase/17/docs/api//jdk.compiler/com/sun/source/tree/Tree.Kind.html#GUARDED_PATTERN;17;[''];.jdk.compiler.com.sun.source.tree.Tree.Kind;GUARDED_PATTERN
GUNJALA_GONDI;https://docs.oracle.com/en/java/javase/17/docs/api//java.base/java/lang/Character.UnicodeScript.html#GUNJALA_GONDI;12;[''];.java.base.java.lang.Character.UnicodeScript;GUNJALA_GONDI
GUNJALA_GONDI;https://docs.oracle.com/en/java/javase/17/docs/api//java.base/java/lang/Character.UnicodeBlock.html#GUNJALA_GONDI;12;[''];.java.base.java.lang.Character.UnicodeBlock;GUNJALA_GONDI
HANIFI_ROHINGYA;https://docs.oracle.com/en/java/javase/17/docs/api//java.base/java/lang/Character.UnicodeScript.html#HANIFI_ROHINGYA;12;[''];.java.base.java.lang.Character.UnicodeScript;HANIFI_ROHINGYA
HANIFI_ROHINGYA;https://docs.oracle.com/en/java/javase/17/docs/api//java.base/java/lang/Character.UnicodeBlock.html#HANIFI_ROHINGYA;12;[''];.java.base.java.lang.Character.UnicodeBlock;HANIFI_ROHINGYA
hasFullPrivilegeAccess();https://docs.oracle.com/en/java/javase/17/docs/api//java.base/java/lang/invoke/MethodHandles.Lookup.html#hasFullPrivilegeAccess();14;[''];.java.base.java.lang.invoke.MethodHandles.Lookup;hasFullPrivilegeAccess
hasInvokeExactBehavior();https://docs.oracle.com/en/java/javase/17/docs/api//java.base/java/lang/invoke/VarHandle.html#hasInvokeExactBehavior();16;[''];.java.base.java.lang.invoke.VarHandle;hasInvokeExactBehavior
INCLUSIVE_11;https://docs.oracle.com/en/java/javase/17/docs/api//java.xml.crypto/javax/xml/crypto/dsig/CanonicalizationMethod.html#INCLUSIVE_11;13;[''];.java.xml.crypto.javax.xml.crypto.dsig.CanonicalizationMethod;INCLUSIVE_11
INCLUSIVE_11_WITH_COMMENTS;https://docs.oracle.com/en/java/javase/17/docs/api//java.xml.crypto/javax/xml/crypto/dsig/CanonicalizationMethod.html#INCLUSIVE_11_WITH_COMMENTS;13;[''];.java.xml.crypto.javax.xml.crypto.dsig.CanonicalizationMethod;INCLUSIVE_11_WITH_COMMENTS
incrementExact(int);https://docs.oracle.com/en/java/javase/17/docs/api//java.base/java/lang/StrictMath.html#incrementExact(int);14;['int'];.java.base.java.lang.StrictMath;incrementExact
incrementExact(long);https://docs.oracle.com/en/java/javase/17/docs/api//java.base/java/lang/StrictMath.html#incrementExact(long);14;['long'];.java.base.java.lang.StrictMath;incrementExact
indent(int);https://docs.oracle.com/en/java/javase/17/docs/api//java.base/java/lang/String.html#indent(int);12;['int'];.java.base.java.lang.String;indent
INDIC_SIYAQ_NUMBERS;https://docs.oracle.com/en/java/javase/17/docs/api//java.base/java/lang/Character.UnicodeBlock.html#INDIC_SIYAQ_NUMBERS;12;[''];.java.base.java.lang.Character.UnicodeBlock;INDIC_SIYAQ_NUMBERS
inputReader();https://docs.oracle.com/en/java/javase/17/docs/api//java.base/java/lang/Process.html#inputReader();17;[''];.java.base.java.lang.Process;inputReader
inputReader(Charset);https://docs.oracle.com/en/java/javase/17/docs/api//java.base/java/lang/Process.html#inputReader(java.nio.charset.Charset);17;['Charset'];.java.base.java.lang.Process;inputReader
interactiveTerminal(boolean);https://docs.oracle.com/en/java/javase/17/docs/api//jdk.jshell/jdk/jshell/tool/JavaShellToolBuilder.html#interactiveTerminal(boolean);17;['boolean'];.jdk.jshell.jdk.jshell.tool.JavaShellToolBuilder;interactiveTerminal
invokeDefault(Object, Method, Object...);https://docs.oracle.com/en/java/javase/17/docs/api//java.base/java/lang/reflect/InvocationHandler.html#invokeDefault(java.lang.Object,java.lang.reflect.Method,java.lang.Object...);16;['Object', 'Method', 'Object...'];.java.base.java.lang.reflect.InvocationHandler;invokeDefault
isAutomaticModule(ModuleElement);https://docs.oracle.com/en/java/javase/17/docs/api//java.compiler/javax/lang/model/util/Elements.html#isAutomaticModule(javax.lang.model.element.ModuleElement);17;['ModuleElement'];.java.compiler.javax.lang.model.util.Elements;isAutomaticModule
isEmpty();https://docs.oracle.com/en/java/javase/17/docs/api//java.base/java/lang/CharSequence.html#isEmpty();15;[''];.java.base.java.lang.CharSequence;isEmpty
isEmpty();https://docs.oracle.com/en/java/javase/17/docs/api//java.base/java/nio/CharBuffer.html#isEmpty();15;[''];.java.base.java.nio.CharBuffer;isEmpty
isHidden();https://docs.oracle.com/en/java/javase/17/docs/api//java.base/java/lang/Class.html#isHidden();15;[''];.java.base.java.lang.Class;isHidden
isInline();https://docs.oracle.com/en/java/javase/17/docs/api//jdk.compiler/com/sun/source/doctree/ReturnTree.html#isInline();16;[''];.jdk.compiler.com.sun.source.doctree.ReturnTree;isInline
isPreviewEnabled();https://docs.oracle.com/en/java/javase/17/docs/api//java.compiler/javax/annotation/processing/ProcessingEnvironment.html#isPreviewEnabled();13;[''];.java.compiler.javax.annotation.processing.ProcessingEnvironment;isPreviewEnabled
isRecord();https://docs.oracle.com/en/java/javase/17/docs/api//java.base/java/lang/Class.html#isRecord();16;[''];.java.base.java.lang.Class;isRecord
isSealed();https://docs.oracle.com/en/java/javase/17/docs/api//java.base/java/lang/Class.html#isSealed();17;[''];.java.base.java.lang.Class;isSealed
joinGroup(SocketAddress, NetworkInterface);https://docs.oracle.com/en/java/javase/17/docs/api//java.base/java/net/DatagramSocket.html#joinGroup(java.net.SocketAddress,java.net.NetworkInterface);17;['SocketAddress', 'NetworkInterface'];.java.base.java.net.DatagramSocket;joinGroup
KHITAN_SMALL_SCRIPT;https://docs.oracle.com/en/java/javase/17/docs/api//java.base/java/lang/Character.UnicodeScript.html#KHITAN_SMALL_SCRIPT;15;[''];.java.base.java.lang.Character.UnicodeScript;KHITAN_SMALL_SCRIPT
KHITAN_SMALL_SCRIPT;https://docs.oracle.com/en/java/javase/17/docs/api//java.base/java/lang/Character.UnicodeBlock.html#KHITAN_SMALL_SCRIPT;15;[''];.java.base.java.lang.Character.UnicodeBlock;KHITAN_SMALL_SCRIPT
KRB_NT_ENTERPRISE;https://docs.oracle.com/en/java/javase/17/docs/api//java.security.jgss/javax/security/auth/kerberos/KerberosPrincipal.html#KRB_NT_ENTERPRISE;13;[''];.java.security.jgss.javax.security.auth.kerberos.KerberosPrincipal;KRB_NT_ENTERPRISE
leaveGroup(SocketAddress, NetworkInterface);https://docs.oracle.com/en/java/javase/17/docs/api//java.base/java/net/DatagramSocket.html#leaveGroup(java.net.SocketAddress,java.net.NetworkInterface);17;['SocketAddress', 'NetworkInterface'];.java.base.java.net.DatagramSocket;leaveGroup
LISU_SUPPLEMENT;https://docs.oracle.com/en/java/javase/17/docs/api//java.base/java/lang/Character.UnicodeBlock.html#LISU_SUPPLEMENT;15;[''];.java.base.java.lang.Character.UnicodeBlock;LISU_SUPPLEMENT
MAKASAR;https://docs.oracle.com/en/java/javase/17/docs/api//java.base/java/lang/Character.UnicodeScript.html#MAKASAR;12;[''];.java.base.java.lang.Character.UnicodeScript;MAKASAR
MAKASAR;https://docs.oracle.com/en/java/javase/17/docs/api//java.base/java/lang/Character.UnicodeBlock.html#MAKASAR;12;[''];.java.base.java.lang.Character.UnicodeBlock;MAKASAR
mapMulti(BiConsumer<? super T, ? super Consumer<R>>);https://docs.oracle.com/en/java/javase/17/docs/api//java.base/java/util/stream/Stream.html#mapMulti(java.util.function.BiConsumer);16;['BiConsumer<?superT', '?superConsumer<R>>'];.java.base.java.util.stream.Stream;mapMulti
mapMulti(DoubleStream.DoubleMapMultiConsumer);https://docs.oracle.com/en/java/javase/17/docs/api//java.base/java/util/stream/DoubleStream.html#mapMulti(java.util.stream.DoubleStream.DoubleMapMultiConsumer);16;['DoubleStream.DoubleMapMultiConsumer'];.java.base.java.util.stream.DoubleStream;mapMulti
mapMulti(IntStream.IntMapMultiConsumer);https://docs.oracle.com/en/java/javase/17/docs/api//java.base/java/util/stream/IntStream.html#mapMulti(java.util.stream.IntStream.IntMapMultiConsumer);16;['IntStream.IntMapMultiConsumer'];.java.base.java.util.stream.IntStream;mapMulti
mapMulti(LongStream.LongMapMultiConsumer);https://docs.oracle.com/en/java/javase/17/docs/api//java.base/java/util/stream/LongStream.html#mapMulti(java.util.stream.LongStream.LongMapMultiConsumer);16;['LongStream.LongMapMultiConsumer'];.java.base.java.util.stream.LongStream;mapMulti
mapMultiToDouble(BiConsumer<? super T, ? super DoubleConsumer>);https://docs.oracle.com/en/java/javase/17/docs/api//java.base/java/util/stream/Stream.html#mapMultiToDouble(java.util.function.BiConsumer);16;['BiConsumer<?superT', '?superDoubleConsumer>'];.java.base.java.util.stream.Stream;mapMultiToDouble
mapMultiToInt(BiConsumer<? super T, ? super IntConsumer>);https://docs.oracle.com/en/java/javase/17/docs/api//java.base/java/util/stream/Stream.html#mapMultiToInt(java.util.function.BiConsumer);16;['BiConsumer<?superT', '?superIntConsumer>'];.java.base.java.util.stream.Stream;mapMultiToInt
mapMultiToLong(BiConsumer<? super T, ? super LongConsumer>);https://docs.oracle.com/en/java/javase/17/docs/api//java.base/java/util/stream/Stream.html#mapMultiToLong(java.util.function.BiConsumer);16;['BiConsumer<?superT', '?superLongConsumer>'];.java.base.java.util.stream.Stream;mapMultiToLong
MAYAN_NUMERALS;https://docs.oracle.com/en/java/javase/17/docs/api//java.base/java/lang/Character.UnicodeBlock.html#MAYAN_NUMERALS;12;[''];.java.base.java.lang.Character.UnicodeBlock;MAYAN_NUMERALS
MEDEFAIDRIN;https://docs.oracle.com/en/java/javase/17/docs/api//java.base/java/lang/Character.UnicodeScript.html#MEDEFAIDRIN;12;[''];.java.base.java.lang.Character.UnicodeScript;MEDEFAIDRIN
MEDEFAIDRIN;https://docs.oracle.com/en/java/javase/17/docs/api//java.base/java/lang/Character.UnicodeBlock.html#MEDEFAIDRIN;12;[''];.java.base.java.lang.Character.UnicodeBlock;MEDEFAIDRIN
merge(ObjectInputFilter, ObjectInputFilter);https://docs.oracle.com/en/java/javase/17/docs/api//java.base/java/io/ObjectInputFilter.html#merge(java.io.ObjectInputFilter,java.io.ObjectInputFilter);17;['ObjectInputFilter', 'ObjectInputFilter'];.java.base.java.io.ObjectInputFilter;merge
mismatch(Path, Path);https://docs.oracle.com/en/java/javase/17/docs/api//java.base/java/nio/file/Files.html#mismatch(java.nio.file.Path,java.nio.file.Path);12;['Path', 'Path'];.java.base.java.nio.file.Files;mismatch
NANDINAGARI;https://docs.oracle.com/en/java/javase/17/docs/api//java.base/java/lang/Character.UnicodeScript.html#NANDINAGARI;13;[''];.java.base.java.lang.Character.UnicodeScript;NANDINAGARI
NANDINAGARI;https://docs.oracle.com/en/java/javase/17/docs/api//java.base/java/lang/Character.UnicodeBlock.html#NANDINAGARI;13;[''];.java.base.java.lang.Character.UnicodeBlock;NANDINAGARI
negateExact(int);https://docs.oracle.com/en/java/javase/17/docs/api//java.base/java/lang/StrictMath.html#negateExact(int);14;['int'];.java.base.java.lang.StrictMath;negateExact
negateExact(long);https://docs.oracle.com/en/java/javase/17/docs/api//java.base/java/lang/StrictMath.html#negateExact(long);14;['long'];.java.base.java.lang.StrictMath;negateExact
newBuilder(HttpRequest, BiPredicate<String, String>);https://docs.oracle.com/en/java/javase/17/docs/api//java.net.http/java/net/http/HttpRequest.html#newBuilder(java.net.http.HttpRequest,java.util.function.BiPredicate);16;['HttpRequest', 'BiPredicate<String', 'String>'];.java.net.http.java.net.http.HttpRequest;newBuilder
newDefaultNSInstance();https://docs.oracle.com/en/java/javase/17/docs/api//java.xml/javax/xml/parsers/DocumentBuilderFactory.html#newDefaultNSInstance();13;[''];.java.xml.javax.xml.parsers.DocumentBuilderFactory;newDefaultNSInstance
newDefaultNSInstance();https://docs.oracle.com/en/java/javase/17/docs/api//java.xml/javax/xml/parsers/SAXParserFactory.html#newDefaultNSInstance();13;[''];.java.xml.javax.xml.parsers.SAXParserFactory;newDefaultNSInstance
newFileSystem(Path);https://docs.oracle.com/en/java/javase/17/docs/api//java.base/java/nio/file/FileSystems.html#newFileSystem(java.nio.file.Path);13;['Path'];.java.base.java.nio.file.FileSystems;newFileSystem
newFileSystem(Path, Map<String, ?>);https://docs.oracle.com/en/java/javase/17/docs/api//java.base/java/nio/file/FileSystems.html#newFileSystem(java.nio.file.Path,java.util.Map);13;['Path', 'Map<String', '?>'];.java.base.java.nio.file.FileSystems;newFileSystem
newFileSystem(Path, Map<String, ?>, ClassLoader);https://docs.oracle.com/en/java/javase/17/docs/api//java.base/java/nio/file/FileSystems.html#newFileSystem(java.nio.file.Path,java.util.Map,java.lang.ClassLoader);13;['Path', 'Map<String', '?>', 'ClassLoader'];.java.base.java.nio.file.FileSystems;newFileSystem
newNSInstance();https://docs.oracle.com/en/java/javase/17/docs/api//java.xml/javax/xml/parsers/DocumentBuilderFactory.html#newNSInstance();13;[''];.java.xml.javax.xml.parsers.DocumentBuilderFactory;newNSInstance
newNSInstance();https://docs.oracle.com/en/java/javase/17/docs/api//java.xml/javax/xml/parsers/SAXParserFactory.html#newNSInstance();13;[''];.java.xml.javax.xml.parsers.SAXParserFactory;newNSInstance
newNSInstance(String, ClassLoader);https://docs.oracle.com/en/java/javase/17/docs/api//java.xml/javax/xml/parsers/DocumentBuilderFactory.html#newNSInstance(java.lang.String,java.lang.ClassLoader);13;['String', 'ClassLoader'];.java.xml.javax.xml.parsers.DocumentBuilderFactory;newNSInstance
newNSInstance(String, ClassLoader);https://docs.oracle.com/en/java/javase/17/docs/api//java.xml/javax/xml/parsers/SAXParserFactory.html#newNSInstance(java.lang.String,java.lang.ClassLoader);13;['String', 'ClassLoader'];.java.xml.javax.xml.parsers.SAXParserFactory;newNSInstance
newReturnTree(boolean, List<? extends DocTree>);https://docs.oracle.com/en/java/javase/17/docs/api//jdk.compiler/com/sun/source/util/DocTreeFactory.html#newReturnTree(boolean,java.util.List);16;['boolean', 'List<?extendsDocTree>'];.jdk.compiler.com.sun.source.util.DocTreeFactory;newReturnTree
newSystemPropertyTree(Name);https://docs.oracle.com/en/java/javase/17/docs/api//jdk.compiler/com/sun/source/util/DocTreeFactory.html#newSystemPropertyTree(javax.lang.model.element.Name);12;['Name'];.jdk.compiler.com.sun.source.util.DocTreeFactory;newSystemPropertyTree
NON_SEALED;https://docs.oracle.com/en/java/javase/17/docs/api//java.compiler/javax/lang/model/element/Modifier.html#NON_SEALED;17;[''];.java.compiler.javax.lang.model.element.Modifier;NON_SEALED
NYIAKENG_PUACHUE_HMONG;https://docs.oracle.com/en/java/javase/17/docs/api//java.base/java/lang/Character.UnicodeScript.html#NYIAKENG_PUACHUE_HMONG;13;[''];.java.base.java.lang.Character.UnicodeScript;NYIAKENG_PUACHUE_HMONG
NYIAKENG_PUACHUE_HMONG;https://docs.oracle.com/en/java/javase/17/docs/api//java.base/java/lang/Character.UnicodeBlock.html#NYIAKENG_PUACHUE_HMONG;13;[''];.java.base.java.lang.Character.UnicodeBlock;NYIAKENG_PUACHUE_HMONG
of(ClassDesc, String);https://docs.oracle.com/en/java/javase/17/docs/api//java.base/java/lang/Enum.EnumDesc.html#of(java.lang.constant.ClassDesc,java.lang.String);12;['ClassDesc', 'String'];.java.base.java.lang.Enum.EnumDesc;of
OLD_SOGDIAN;https://docs.oracle.com/en/java/javase/17/docs/api//java.base/java/lang/Character.UnicodeScript.html#OLD_SOGDIAN;12;[''];.java.base.java.lang.Character.UnicodeScript;OLD_SOGDIAN
OLD_SOGDIAN;https://docs.oracle.com/en/java/javase/17/docs/api//java.base/java/lang/Character.UnicodeBlock.html#OLD_SOGDIAN;12;[''];.java.base.java.lang.Character.UnicodeBlock;OLD_SOGDIAN
open(ProtocolFamily);https://docs.oracle.com/en/java/javase/17/docs/api//java.base/java/nio/channels/ServerSocketChannel.html#open(java.net.ProtocolFamily);15;['ProtocolFamily'];.java.base.java.nio.channels.ServerSocketChannel;open
open(ProtocolFamily);https://docs.oracle.com/en/java/javase/17/docs/api//java.base/java/nio/channels/SocketChannel.html#open(java.net.ProtocolFamily);15;['ProtocolFamily'];.java.base.java.nio.channels.SocketChannel;open
openServerSocketChannel(ProtocolFamily);https://docs.oracle.com/en/java/javase/17/docs/api//java.base/java/nio/channels/spi/SelectorProvider.html#openServerSocketChannel(java.net.ProtocolFamily);15;['ProtocolFamily'];.java.base.java.nio.channels.spi.SelectorProvider;openServerSocketChannel
openSocketChannel(ProtocolFamily);https://docs.oracle.com/en/java/javase/17/docs/api//java.base/java/nio/channels/spi/SelectorProvider.html#openSocketChannel(java.net.ProtocolFamily);15;['ProtocolFamily'];.java.base.java.nio.channels.spi.SelectorProvider;openSocketChannel
ORIGINAL;https://docs.oracle.com/en/java/javase/17/docs/api//java.base/java/lang/invoke/MethodHandles.Lookup.html#ORIGINAL;16;[''];.java.base.java.lang.invoke.MethodHandles.Lookup;ORIGINAL
OTTOMAN_SIYAQ_NUMBERS;https://docs.oracle.com/en/java/javase/17/docs/api//java.base/java/lang/Character.UnicodeBlock.html#OTTOMAN_SIYAQ_NUMBERS;13;[''];.java.base.java.lang.Character.UnicodeBlock;OTTOMAN_SIYAQ_NUMBERS
outputWriter();https://docs.oracle.com/en/java/javase/17/docs/api//java.base/java/lang/Process.html#outputWriter();17;[''];.java.base.java.lang.Process;outputWriter
outputWriter(Charset);https://docs.oracle.com/en/java/javase/17/docs/api//java.base/java/lang/Process.html#outputWriter(java.nio.charset.Charset);17;['Charset'];.java.base.java.lang.Process;outputWriter
PARENTHESIZED_PATTERN;https://docs.oracle.com/en/java/javase/17/docs/api//jdk.compiler/com/sun/source/tree/Tree.Kind.html#PARENTHESIZED_PATTERN;17;[''];.jdk.compiler.com.sun.source.tree.Tree.Kind;PARENTHESIZED_PATTERN
PREFIX;https://docs.oracle.com/en/java/javase/17/docs/api//java.base/java/text/NumberFormat.Field.html#PREFIX;12;[''];.java.base.java.text.NumberFormat.Field;PREFIX
previousLookupClass();https://docs.oracle.com/en/java/javase/17/docs/api//java.base/java/lang/invoke/MethodHandles.Lookup.html#previousLookupClass();14;[''];.java.base.java.lang.invoke.MethodHandles.Lookup;previousLookupClass
print(Diagnostic.Kind, FileObject, int, int, int, String);https://docs.oracle.com/en/java/javase/17/docs/api//jdk.javadoc/jdk/javadoc/doclet/Reporter.html#print(javax.tools.Diagnostic.Kind,javax.tools.FileObject,int,int,int,java.lang.String);17;['Diagnostic.Kind', 'FileObject', 'int', 'int', 'int', 'String'];.jdk.javadoc.jdk.javadoc.doclet.Reporter;print
put(int, ByteBuffer, int, int);https://docs.oracle.com/en/java/javase/17/docs/api//java.base/java/nio/ByteBuffer.html#put(int,java.nio.ByteBuffer,int,int);16;['int', 'ByteBuffer', 'int', 'int'];.java.base.java.nio.ByteBuffer;put
put(int, CharBuffer, int, int);https://docs.oracle.com/en/java/javase/17/docs/api//java.base/java/nio/CharBuffer.html#put(int,java.nio.CharBuffer,int,int);16;['int', 'CharBuffer', 'int', 'int'];.java.base.java.nio.CharBuffer;put
put(int, DoubleBuffer, int, int);https://docs.oracle.com/en/java/javase/17/docs/api//java.base/java/nio/DoubleBuffer.html#put(int,java.nio.DoubleBuffer,int,int);16;['int', 'DoubleBuffer', 'int', 'int'];.java.base.java.nio.DoubleBuffer;put
put(int, FloatBuffer, int, int);https://docs.oracle.com/en/java/javase/17/docs/api//java.base/java/nio/FloatBuffer.html#put(int,java.nio.FloatBuffer,int,int);16;['int', 'FloatBuffer', 'int', 'int'];.java.base.java.nio.FloatBuffer;put
put(int, IntBuffer, int, int);https://docs.oracle.com/en/java/javase/17/docs/api//java.base/java/nio/IntBuffer.html#put(int,java.nio.IntBuffer,int,int);16;['int', 'IntBuffer', 'int', 'int'];.java.base.java.nio.IntBuffer;put
put(int, LongBuffer, int, int);https://docs.oracle.com/en/java/javase/17/docs/api//java.base/java/nio/LongBuffer.html#put(int,java.nio.LongBuffer,int,int);16;['int', 'LongBuffer', 'int', 'int'];.java.base.java.nio.LongBuffer;put
put(int, ShortBuffer, int, int);https://docs.oracle.com/en/java/javase/17/docs/api//java.base/java/nio/ShortBuffer.html#put(int,java.nio.ShortBuffer,int,int);16;['int', 'ShortBuffer', 'int', 'int'];.java.base.java.nio.ShortBuffer;put
RECORD;https://docs.oracle.com/en/java/javase/17/docs/api//jdk.compiler/com/sun/source/tree/Tree.Kind.html#RECORD;16;[''];.jdk.compiler.com.sun.source.tree.Tree.Kind;RECORD
RECORD;https://docs.oracle.com/en/java/javase/17/docs/api//java.compiler/javax/lang/model/element/ElementKind.html#RECORD;16;[''];.java.compiler.javax.lang.model.element.ElementKind;RECORD
RECORD_COMPONENT;https://docs.oracle.com/en/java/javase/17/docs/api//java.base/java/lang/annotation/ElementType.html#RECORD_COMPONENT;16;[''];.java.base.java.lang.annotation.ElementType;RECORD_COMPONENT
RECORD_COMPONENT;https://docs.oracle.com/en/java/javase/17/docs/api//java.compiler/javax/lang/model/element/ElementKind.html#RECORD_COMPONENT;16;[''];.java.compiler.javax.lang.model.element.ElementKind;RECORD_COMPONENT
RECORD_SUBKIND;https://docs.oracle.com/en/java/javase/17/docs/api//jdk.jshell/jdk/jshell/Snippet.SubKind.html#RECORD_SUBKIND;14;[''];.jdk.jshell.jdk.jshell.Snippet.SubKind;RECORD_SUBKIND
recordComponentFor(ExecutableElement);https://docs.oracle.com/en/java/javase/17/docs/api//java.compiler/javax/lang/model/util/Elements.html#recordComponentFor(javax.lang.model.element.ExecutableElement);16;['ExecutableElement'];.java.compiler.javax.lang.model.util.Elements;recordComponentFor
recordComponentsIn(Iterable<? extends Element>);https://docs.oracle.com/en/java/javase/17/docs/api//java.compiler/javax/lang/model/util/ElementFilter.html#recordComponentsIn(java.lang.Iterable);16;['Iterable<?extendsElement>'];.java.compiler.javax.lang.model.util.ElementFilter;recordComponentsIn
recordComponentsIn(Set<? extends Element>);https://docs.oracle.com/en/java/javase/17/docs/api//java.compiler/javax/lang/model/util/ElementFilter.html#recordComponentsIn(java.util.Set);16;['Set<?extendsElement>'];.java.compiler.javax.lang.model.util.ElementFilter;recordComponentsIn
refersTo(T);https://docs.oracle.com/en/java/javase/17/docs/api//java.base/java/lang/ref/Reference.html#refersTo(T);16;['T'];.java.base.java.lang.ref.Reference;refersTo
REIWA;https://docs.oracle.com/en/java/javase/17/docs/api//java.base/java/time/chrono/JapaneseEra.html#REIWA;13;[''];.java.base.java.time.chrono.JapaneseEra;REIWA
rejectFilter(Predicate<Class<?>>, ObjectInputFilter.Status);https://docs.oracle.com/en/java/javase/17/docs/api//java.base/java/io/ObjectInputFilter.html#rejectFilter(java.util.function.Predicate,java.io.ObjectInputFilter.Status);17;['Predicate<Class<?>>', 'ObjectInputFilter.Status'];.java.base.java.io.ObjectInputFilter;rejectFilter
rejectUndecidedClass(ObjectInputFilter);https://docs.oracle.com/en/java/javase/17/docs/api//java.base/java/io/ObjectInputFilter.html#rejectUndecidedClass(java.io.ObjectInputFilter);17;['ObjectInputFilter'];.java.base.java.io.ObjectInputFilter;rejectUndecidedClass
RELEASE_12;https://docs.oracle.com/en/java/javase/17/docs/api//java.compiler/javax/lang/model/SourceVersion.html#RELEASE_12;12;[''];.java.compiler.javax.lang.model.SourceVersion;RELEASE_12
RELEASE_13;https://docs.oracle.com/en/java/javase/17/docs/api//java.compiler/javax/lang/model/SourceVersion.html#RELEASE_13;13;[''];.java.compiler.javax.lang.model.SourceVersion;RELEASE_13
RELEASE_14;https://docs.oracle.com/en/java/javase/17/docs/api//java.compiler/javax/lang/model/SourceVersion.html#RELEASE_14;14;[''];.java.compiler.javax.lang.model.SourceVersion;RELEASE_14
RELEASE_15;https://docs.oracle.com/en/java/javase/17/docs/api//java.compiler/javax/lang/model/SourceVersion.html#RELEASE_15;15;[''];.java.compiler.javax.lang.model.SourceVersion;RELEASE_15
RELEASE_16;https://docs.oracle.com/en/java/javase/17/docs/api//java.compiler/javax/lang/model/SourceVersion.html#RELEASE_16;16;[''];.java.compiler.javax.lang.model.SourceVersion;RELEASE_16
RELEASE_17;https://docs.oracle.com/en/java/javase/17/docs/api//java.compiler/javax/lang/model/SourceVersion.html#RELEASE_17;17;[''];.java.compiler.javax.lang.model.SourceVersion;RELEASE_17
resolveConstantDesc(MethodHandles.Lookup);https://docs.oracle.com/en/java/javase/17/docs/api//java.base/java/lang/Double.html#resolveConstantDesc(java.lang.invoke.MethodHandles.Lookup);12;['MethodHandles.Lookup'];.java.base.java.lang.Double;resolveConstantDesc
resolveConstantDesc(MethodHandles.Lookup);https://docs.oracle.com/en/java/javase/17/docs/api//java.base/java/lang/Float.html#resolveConstantDesc(java.lang.invoke.MethodHandles.Lookup);12;['MethodHandles.Lookup'];.java.base.java.lang.Float;resolveConstantDesc
resolveConstantDesc(MethodHandles.Lookup);https://docs.oracle.com/en/java/javase/17/docs/api//java.base/java/lang/Integer.html#resolveConstantDesc(java.lang.invoke.MethodHandles.Lookup);12;['MethodHandles.Lookup'];.java.base.java.lang.Integer;resolveConstantDesc
resolveConstantDesc(MethodHandles.Lookup);https://docs.oracle.com/en/java/javase/17/docs/api//java.base/java/lang/Long.html#resolveConstantDesc(java.lang.invoke.MethodHandles.Lookup);12;['MethodHandles.Lookup'];.java.base.java.lang.Long;resolveConstantDesc
resolveConstantDesc(MethodHandles.Lookup);https://docs.oracle.com/en/java/javase/17/docs/api//java.base/java/lang/String.html#resolveConstantDesc(java.lang.invoke.MethodHandles.Lookup);12;['MethodHandles.Lookup'];.java.base.java.lang.String;resolveConstantDesc
RSA_PSS;https://docs.oracle.com/en/java/javase/17/docs/api//java.xml.crypto/javax/xml/crypto/dsig/SignatureMethod.html#RSA_PSS;17;[''];.java.xml.crypto.javax.xml.crypto.dsig.SignatureMethod;RSA_PSS
SEALED;https://docs.oracle.com/en/java/javase/17/docs/api//java.compiler/javax/lang/model/element/Modifier.html#SEALED;17;[''];.java.compiler.javax.lang.model.element.Modifier;SEALED
setCurrentBlocker(Object);https://docs.oracle.com/en/java/javase/17/docs/api//java.base/java/util/concurrent/locks/LockSupport.html#setCurrentBlocker(java.lang.Object);14;['Object'];.java.base.java.util.concurrent.locks.LockSupport;setCurrentBlocker
setLongThreadID(long);https://docs.oracle.com/en/java/javase/17/docs/api//java.logging/java/util/logging/LogRecord.html#setLongThreadID(long);16;['long'];.java.logging.java.util.logging.LogRecord;setLongThreadID
setMonetaryGroupingSeparator(char);https://docs.oracle.com/en/java/javase/17/docs/api//java.base/java/text/DecimalFormatSymbols.html#setMonetaryGroupingSeparator(char);15;['char'];.java.base.java.text.DecimalFormatSymbols;setMonetaryGroupingSeparator
setParameterNameProvider(ParameterNameProvider);https://docs.oracle.com/en/java/javase/17/docs/api//jdk.compiler/com/sun/source/util/JavacTask.html#setParameterNameProvider(com.sun.source.util.ParameterNameProvider);13;['ParameterNameProvider'];.jdk.compiler.com.sun.source.util.JavacTask;setParameterNameProvider
setSerialFilterFactory(BinaryOperator<ObjectInputFilter>);https://docs.oracle.com/en/java/javase/17/docs/api//java.base/java/io/ObjectInputFilter.Config.html#setSerialFilterFactory(java.util.function.BinaryOperator);17;['BinaryOperator<ObjectInputFilter>'];.java.base.java.io.ObjectInputFilter.Config;setSerialFilterFactory
SHA3_224;https://docs.oracle.com/en/java/javase/17/docs/api//java.base/java/security/spec/MGF1ParameterSpec.html#SHA3_224;16;[''];.java.base.java.security.spec.MGF1ParameterSpec;SHA3_224
SHA3_256;https://docs.oracle.com/en/java/javase/17/docs/api//java.base/java/security/spec/MGF1ParameterSpec.html#SHA3_256;16;[''];.java.base.java.security.spec.MGF1ParameterSpec;SHA3_256
SHA3_384;https://docs.oracle.com/en/java/javase/17/docs/api//java.base/java/security/spec/MGF1ParameterSpec.html#SHA3_384;16;[''];.java.base.java.security.spec.MGF1ParameterSpec;SHA3_384
SHA3_512;https://docs.oracle.com/en/java/javase/17/docs/api//java.base/java/security/spec/MGF1ParameterSpec.html#SHA3_512;16;[''];.java.base.java.security.spec.MGF1ParameterSpec;SHA3_512
skipNBytes(long);https://docs.oracle.com/en/java/javase/17/docs/api//java.base/java/io/InputStream.html#skipNBytes(long);12;['long'];.java.base.java.io.InputStream;skipNBytes
slice(int, int);https://docs.oracle.com/en/java/javase/17/docs/api//java.base/java/nio/Buffer.html#slice(int,int);13;['int', 'int'];.java.base.java.nio.Buffer;slice
slice(int, int);https://docs.oracle.com/en/java/javase/17/docs/api//java.base/java/nio/ByteBuffer.html#slice(int,int);13;['int', 'int'];.java.base.java.nio.ByteBuffer;slice
slice(int, int);https://docs.oracle.com/en/java/javase/17/docs/api//java.base/java/nio/CharBuffer.html#slice(int,int);13;['int', 'int'];.java.base.java.nio.CharBuffer;slice
slice(int, int);https://docs.oracle.com/en/java/javase/17/docs/api//java.base/java/nio/DoubleBuffer.html#slice(int,int);13;['int', 'int'];.java.base.java.nio.DoubleBuffer;slice
slice(int, int);https://docs.oracle.com/en/java/javase/17/docs/api//java.base/java/nio/FloatBuffer.html#slice(int,int);13;['int', 'int'];.java.base.java.nio.FloatBuffer;slice
slice(int, int);https://docs.oracle.com/en/java/javase/17/docs/api//java.base/java/nio/IntBuffer.html#slice(int,int);13;['int', 'int'];.java.base.java.nio.IntBuffer;slice
slice(int, int);https://docs.oracle.com/en/java/javase/17/docs/api//java.base/java/nio/LongBuffer.html#slice(int,int);13;['int', 'int'];.java.base.java.nio.LongBuffer;slice
slice(int, int);https://docs.oracle.com/en/java/javase/17/docs/api//java.base/java/nio/ShortBuffer.html#slice(int,int);13;['int', 'int'];.java.base.java.nio.ShortBuffer;slice
SMALL_KANA_EXTENSION;https://docs.oracle.com/en/java/javase/17/docs/api//java.base/java/lang/Character.UnicodeBlock.html#SMALL_KANA_EXTENSION;13;[''];.java.base.java.lang.Character.UnicodeBlock;SMALL_KANA_EXTENSION
SO_INCOMING_NAPI_ID;https://docs.oracle.com/en/java/javase/17/docs/api//jdk.net/jdk/net/ExtendedSocketOptions.html#SO_INCOMING_NAPI_ID;15;[''];.jdk.net.jdk.net.ExtendedSocketOptions;SO_INCOMING_NAPI_ID
SO_PEERCRED;https://docs.oracle.com/en/java/javase/17/docs/api//jdk.net/jdk/net/ExtendedSocketOptions.html#SO_PEERCRED;16;[''];.jdk.net.jdk.net.ExtendedSocketOptions;SO_PEERCRED
SOGDIAN;https://docs.oracle.com/en/java/javase/17/docs/api//java.base/java/lang/Character.UnicodeScript.html#SOGDIAN;12;[''];.java.base.java.lang.Character.UnicodeScript;SOGDIAN
SOGDIAN;https://docs.oracle.com/en/java/javase/17/docs/api//java.base/java/lang/Character.UnicodeBlock.html#SOGDIAN;12;[''];.java.base.java.lang.Character.UnicodeBlock;SOGDIAN
split(RandomGenerator.SplittableGenerator);https://docs.oracle.com/en/java/javase/17/docs/api//java.base/java/util/SplittableRandom.html#split(java.util.random.RandomGenerator.SplittableGenerator);17;['RandomGenerator.SplittableGenerator'];.java.base.java.util.SplittableRandom;split
splits();https://docs.oracle.com/en/java/javase/17/docs/api//java.base/java/util/SplittableRandom.html#splits();17;[''];.java.base.java.util.SplittableRandom;splits
splits(long);https://docs.oracle.com/en/java/javase/17/docs/api//java.base/java/util/SplittableRandom.html#splits(long);17;['long'];.java.base.java.util.SplittableRandom;splits
splits(long, RandomGenerator.SplittableGenerator);https://docs.oracle.com/en/java/javase/17/docs/api//java.base/java/util/SplittableRandom.html#splits(long,java.util.random.RandomGenerator.SplittableGenerator);17;['long', 'RandomGenerator.SplittableGenerator'];.java.base.java.util.SplittableRandom;splits
splits(RandomGenerator.SplittableGenerator);https://docs.oracle.com/en/java/javase/17/docs/api//java.base/java/util/SplittableRandom.html#splits(java.util.random.RandomGenerator.SplittableGenerator);17;['RandomGenerator.SplittableGenerator'];.java.base.java.util.SplittableRandom;splits
stripIndent();https://docs.oracle.com/en/java/javase/17/docs/api//java.base/java/lang/String.html#stripIndent();15;[''];.java.base.java.lang.String;stripIndent
SUFFIX;https://docs.oracle.com/en/java/javase/17/docs/api//java.base/java/text/NumberFormat.Field.html#SUFFIX;12;[''];.java.base.java.text.NumberFormat.Field;SUFFIX
SWITCH_EXPRESSION;https://docs.oracle.com/en/java/javase/17/docs/api//jdk.compiler/com/sun/source/tree/Tree.Kind.html#SWITCH_EXPRESSION;12;[''];.jdk.compiler.com.sun.source.tree.Tree.Kind;SWITCH_EXPRESSION
SYMBOLS_AND_PICTOGRAPHS_EXTENDED_A;https://docs.oracle.com/en/java/javase/17/docs/api//java.base/java/lang/Character.UnicodeBlock.html#SYMBOLS_AND_PICTOGRAPHS_EXTENDED_A;13;[''];.java.base.java.lang.Character.UnicodeBlock;SYMBOLS_AND_PICTOGRAPHS_EXTENDED_A
SYMBOLS_FOR_LEGACY_COMPUTING;https://docs.oracle.com/en/java/javase/17/docs/api//java.base/java/lang/Character.UnicodeBlock.html#SYMBOLS_FOR_LEGACY_COMPUTING;15;[''];.java.base.java.lang.Character.UnicodeBlock;SYMBOLS_FOR_LEGACY_COMPUTING
TAMIL_SUPPLEMENT;https://docs.oracle.com/en/java/javase/17/docs/api//java.base/java/lang/Character.UnicodeBlock.html#TAMIL_SUPPLEMENT;13;[''];.java.base.java.lang.Character.UnicodeBlock;TAMIL_SUPPLEMENT
TANGUT_SUPPLEMENT;https://docs.oracle.com/en/java/javase/17/docs/api//java.base/java/lang/Character.UnicodeBlock.html#TANGUT_SUPPLEMENT;15;[''];.java.base.java.lang.Character.UnicodeBlock;TANGUT_SUPPLEMENT
teeing(Collector<? super T, ?, R1>, Collector<? super T, ?, R2>, BiFunction<? super R1, ? super R2, R>);https://docs.oracle.com/en/java/javase/17/docs/api//java.base/java/util/stream/Collectors.html#teeing(java.util.stream.Collector,java.util.stream.Collector,java.util.function.BiFunction);12;['Collector<?superT', '?', 'R1>', 'Collector<?superT', '?', 'R2>', 'BiFunction<?superR1', '?superR2', 'R>'];.java.base.java.util.stream.Collectors;teeing
toList();https://docs.oracle.com/en/java/javase/17/docs/api//java.base/java/util/stream/Stream.html#toList();16;[''];.java.base.java.util.stream.Stream;toList
transform(Function<? super String, ? extends R>);https://docs.oracle.com/en/java/javase/17/docs/api//java.base/java/lang/String.html#transform(java.util.function.Function);12;['Function<?superString', '?extendsR>'];.java.base.java.lang.String;transform
translateEscapes();https://docs.oracle.com/en/java/javase/17/docs/api//java.base/java/lang/String.html#translateEscapes();15;[''];.java.base.java.lang.String;translateEscapes
TRUE;https://docs.oracle.com/en/java/javase/17/docs/api//java.base/java/lang/constant/ConstantDescs.html#TRUE;15;[''];.java.base.java.lang.constant.ConstantDescs;TRUE
UNIX;https://docs.oracle.com/en/java/javase/17/docs/api//java.base/java/net/StandardProtocolFamily.html#UNIX;16;[''];.java.base.java.net.StandardProtocolFamily;UNIX
visitBindingPattern(BindingPatternTree, P);https://docs.oracle.com/en/java/javase/17/docs/api//jdk.compiler/com/sun/source/tree/TreeVisitor.html#visitBindingPattern(com.sun.source.tree.BindingPatternTree,P);16;['BindingPatternTree', 'P'];.jdk.compiler.com.sun.source.tree.TreeVisitor;visitBindingPattern
visitBindingPattern(BindingPatternTree, P);https://docs.oracle.com/en/java/javase/17/docs/api//jdk.compiler/com/sun/source/util/SimpleTreeVisitor.html#visitBindingPattern(com.sun.source.tree.BindingPatternTree,P);14;['BindingPatternTree', 'P'];.jdk.compiler.com.sun.source.util.SimpleTreeVisitor;visitBindingPattern
visitBindingPattern(BindingPatternTree, P);https://docs.oracle.com/en/java/javase/17/docs/api//jdk.compiler/com/sun/source/util/TreeScanner.html#visitBindingPattern(com.sun.source.tree.BindingPatternTree,P);14;['BindingPatternTree', 'P'];.jdk.compiler.com.sun.source.util.TreeScanner;visitBindingPattern
visitDefaultCaseLabel(DefaultCaseLabelTree, P);https://docs.oracle.com/en/java/javase/17/docs/api//jdk.compiler/com/sun/source/tree/TreeVisitor.html#visitDefaultCaseLabel(com.sun.source.tree.DefaultCaseLabelTree,P);17;['DefaultCaseLabelTree', 'P'];.jdk.compiler.com.sun.source.tree.TreeVisitor;visitDefaultCaseLabel
visitDefaultCaseLabel(DefaultCaseLabelTree, P);https://docs.oracle.com/en/java/javase/17/docs/api//jdk.compiler/com/sun/source/util/SimpleTreeVisitor.html#visitDefaultCaseLabel(com.sun.source.tree.DefaultCaseLabelTree,P);17;['DefaultCaseLabelTree', 'P'];.jdk.compiler.com.sun.source.util.SimpleTreeVisitor;visitDefaultCaseLabel
visitDefaultCaseLabel(DefaultCaseLabelTree, P);https://docs.oracle.com/en/java/javase/17/docs/api//jdk.compiler/com/sun/source/util/TreeScanner.html#visitDefaultCaseLabel(com.sun.source.tree.DefaultCaseLabelTree,P);17;['DefaultCaseLabelTree', 'P'];.jdk.compiler.com.sun.source.util.TreeScanner;visitDefaultCaseLabel
visitGuardedPattern(GuardedPatternTree, P);https://docs.oracle.com/en/java/javase/17/docs/api//jdk.compiler/com/sun/source/tree/TreeVisitor.html#visitGuardedPattern(com.sun.source.tree.GuardedPatternTree,P);17;['GuardedPatternTree', 'P'];.jdk.compiler.com.sun.source.tree.TreeVisitor;visitGuardedPattern
visitGuardedPattern(GuardedPatternTree, P);https://docs.oracle.com/en/java/javase/17/docs/api//jdk.compiler/com/sun/source/util/SimpleTreeVisitor.html#visitGuardedPattern(com.sun.source.tree.GuardedPatternTree,P);17;['GuardedPatternTree', 'P'];.jdk.compiler.com.sun.source.util.SimpleTreeVisitor;visitGuardedPattern
visitGuardedPattern(GuardedPatternTree, P);https://docs.oracle.com/en/java/javase/17/docs/api//jdk.compiler/com/sun/source/util/TreeScanner.html#visitGuardedPattern(com.sun.source.tree.GuardedPatternTree,P);17;['GuardedPatternTree', 'P'];.jdk.compiler.com.sun.source.util.TreeScanner;visitGuardedPattern
visitParenthesizedPattern(ParenthesizedPatternTree, P);https://docs.oracle.com/en/java/javase/17/docs/api//jdk.compiler/com/sun/source/tree/TreeVisitor.html#visitParenthesizedPattern(com.sun.source.tree.ParenthesizedPatternTree,P);17;['ParenthesizedPatternTree', 'P'];.jdk.compiler.com.sun.source.tree.TreeVisitor;visitParenthesizedPattern
visitParenthesizedPattern(ParenthesizedPatternTree, P);https://docs.oracle.com/en/java/javase/17/docs/api//jdk.compiler/com/sun/source/util/SimpleTreeVisitor.html#visitParenthesizedPattern(com.sun.source.tree.ParenthesizedPatternTree,P);17;['ParenthesizedPatternTree', 'P'];.jdk.compiler.com.sun.source.util.SimpleTreeVisitor;visitParenthesizedPattern
visitParenthesizedPattern(ParenthesizedPatternTree, P);https://docs.oracle.com/en/java/javase/17/docs/api//jdk.compiler/com/sun/source/util/TreeScanner.html#visitParenthesizedPattern(com.sun.source.tree.ParenthesizedPatternTree,P);17;['ParenthesizedPatternTree', 'P'];.jdk.compiler.com.sun.source.util.TreeScanner;visitParenthesizedPattern
visitRecordComponent(RecordComponentElement, P);https://docs.oracle.com/en/java/javase/17/docs/api//java.compiler/javax/lang/model/element/ElementVisitor.html#visitRecordComponent(javax.lang.model.element.RecordComponentElement,P);16;['RecordComponentElement', 'P'];.java.compiler.javax.lang.model.element.ElementVisitor;visitRecordComponent
visitRecordComponent(RecordComponentElement, P);https://docs.oracle.com/en/java/javase/17/docs/api//java.compiler/javax/lang/model/util/AbstractElementVisitor6.html#visitRecordComponent(javax.lang.model.element.RecordComponentElement,P);14;['RecordComponentElement', 'P'];.java.compiler.javax.lang.model.util.AbstractElementVisitor6;visitRecordComponent
visitSwitchExpression(SwitchExpressionTree, P);https://docs.oracle.com/en/java/javase/17/docs/api//jdk.compiler/com/sun/source/tree/TreeVisitor.html#visitSwitchExpression(com.sun.source.tree.SwitchExpressionTree,P);12;['SwitchExpressionTree', 'P'];.jdk.compiler.com.sun.source.tree.TreeVisitor;visitSwitchExpression
visitSystemProperty(SystemPropertyTree, P);https://docs.oracle.com/en/java/javase/17/docs/api//jdk.compiler/com/sun/source/doctree/DocTreeVisitor.html#visitSystemProperty(com.sun.source.doctree.SystemPropertyTree,P);12;['SystemPropertyTree', 'P'];.jdk.compiler.com.sun.source.doctree.DocTreeVisitor;visitSystemProperty
visitSystemProperty(SystemPropertyTree, P);https://docs.oracle.com/en/java/javase/17/docs/api//jdk.compiler/com/sun/source/util/DocTreeScanner.html#visitSystemProperty(com.sun.source.doctree.SystemPropertyTree,P);12;['SystemPropertyTree', 'P'];.jdk.compiler.com.sun.source.util.DocTreeScanner;visitSystemProperty
visitSystemProperty(SystemPropertyTree, P);https://docs.oracle.com/en/java/javase/17/docs/api//jdk.compiler/com/sun/source/util/SimpleDocTreeVisitor.html#visitSystemProperty(com.sun.source.doctree.SystemPropertyTree,P);12;['SystemPropertyTree', 'P'];.jdk.compiler.com.sun.source.util.SimpleDocTreeVisitor;visitSystemProperty
visitTypeAsRecord(TypeElement, P);https://docs.oracle.com/en/java/javase/17/docs/api//java.compiler/javax/lang/model/util/ElementKindVisitor6.html#visitTypeAsRecord(javax.lang.model.element.TypeElement,P);16;['TypeElement', 'P'];.java.compiler.javax.lang.model.util.ElementKindVisitor6;visitTypeAsRecord
visitVariableAsBindingVariable(VariableElement, P);https://docs.oracle.com/en/java/javase/17/docs/api//java.compiler/javax/lang/model/util/ElementKindVisitor14.html#visitVariableAsBindingVariable(javax.lang.model.element.VariableElement,P);14;['VariableElement', 'P'];.java.compiler.javax.lang.model.util.ElementKindVisitor14;visitVariableAsBindingVariable
visitVariableAsBindingVariable(VariableElement, P);https://docs.oracle.com/en/java/javase/17/docs/api//java.compiler/javax/lang/model/util/ElementKindVisitor6.html#visitVariableAsBindingVariable(javax.lang.model.element.VariableElement,P);14;['VariableElement', 'P'];.java.compiler.javax.lang.model.util.ElementKindVisitor6;visitVariableAsBindingVariable
visitYield(YieldTree, P);https://docs.oracle.com/en/java/javase/17/docs/api//jdk.compiler/com/sun/source/tree/TreeVisitor.html#visitYield(com.sun.source.tree.YieldTree,P);13;['YieldTree', 'P'];.jdk.compiler.com.sun.source.tree.TreeVisitor;visitYield
WANCHO;https://docs.oracle.com/en/java/javase/17/docs/api//java.base/java/lang/Character.UnicodeScript.html#WANCHO;13;[''];.java.base.java.lang.Character.UnicodeScript;WANCHO
WANCHO;https://docs.oracle.com/en/java/javase/17/docs/api//java.base/java/lang/Character.UnicodeBlock.html#WANCHO;13;[''];.java.base.java.lang.Character.UnicodeBlock;WANCHO
withInvokeBehavior();https://docs.oracle.com/en/java/javase/17/docs/api//java.base/java/lang/invoke/VarHandle.html#withInvokeBehavior();16;[''];.java.base.java.lang.invoke.VarHandle;withInvokeBehavior
withInvokeExactBehavior();https://docs.oracle.com/en/java/javase/17/docs/api//java.base/java/lang/invoke/VarHandle.html#withInvokeExactBehavior();16;[''];.java.base.java.lang.invoke.VarHandle;withInvokeExactBehavior
YEZIDI;https://docs.oracle.com/en/java/javase/17/docs/api//java.base/java/lang/Character.UnicodeScript.html#YEZIDI;15;[''];.java.base.java.lang.Character.UnicodeScript;YEZIDI
YEZIDI;https://docs.oracle.com/en/java/javase/17/docs/api//java.base/java/lang/Character.UnicodeBlock.html#YEZIDI;15;[''];.java.base.java.lang.Character.UnicodeBlock;YEZIDI
YIELD;https://docs.oracle.com/en/java/javase/17/docs/api//jdk.compiler/com/sun/source/tree/Tree.Kind.html#YIELD;13;[''];.jdk.compiler.com.sun.source.tree.Tree.Kind;YIELD
